Date,Close
2023-11-08 13:00:42,1887.1568781435733
2023-11-08 14:00:53,1887.6105284661724
2023-11-08 15:00:55,1886.2993547070344
2023-11-08 16:00:24,1890.2463443778918
2023-11-08 17:01:20,1899.6696988005476
2023-11-08 18:00:20,1893.4274788382816
2023-11-08 19:00:55,1904.4700350315604
2023-11-08 20:00:40,1898.120359301973
2023-11-08 21:00:12,1895.542678891577
2023-11-08 22:01:01,1890.290599412073
2023-11-08 23:00:40,1897.865667346764
2023-11-09 00:00:54,1887.797756275145
2023-11-09 01:00:27,1897.1829828489458
2023-11-09 02:00:54,1896.4936903740718
2023-11-09 03:00:28,1916.5496045705836
2023-11-09 04:00:24,1916.03894319379
2023-11-09 05:00:13,1926.1048319493764
2023-11-09 06:00:46,1920.7727595334056
2023-11-09 07:00:17,1929.030611840933
2023-11-09 08:00:37,1911.67351125371
2023-11-09 09:00:47,1918.3772361501335
2023-11-09 10:00:59,1917.538659690037
2023-11-09 11:00:25,1913.581181956297
2023-11-09 12:01:05,1912.3083150918042
2023-11-09 13:00:08,1913.9262898115287
2023-11-09 14:01:03,1923.2555244364305
2023-11-09 15:01:02,1985.6269806994937
2023-11-09 16:00:33,2038.0180844538093
2023-11-09 17:00:07,2018.9528964330177
2023-11-09 18:00:00,2026.693390371608
2023-11-09 19:00:09,2004.1174672580194
2023-11-09 20:00:00,2010.6337879382245
2023-11-09 21:00:44,2035.0940389149912
2023-11-09 22:01:04,2058.5557699273722
2023-11-09 23:00:25,2100.9885232260317
2023-11-10 00:01:00,2128.6095039438633
2023-11-10 01:00:38,2097.7596564029477
2023-11-10 02:00:58,2113.4912829781247
2023-11-10 03:00:44,2124.022356533731
2023-11-10 04:00:15,2119.9149568237353
2023-11-10 05:00:18,2126.4280239097425
2023-11-10 06:00:50,2124.16962368449
2023-11-10 07:01:15,2112.5912731230005
2023-11-10 08:00:29,2102.598365205622
2023-11-10 09:00:53,2098.8920627924804
2023-11-10 10:00:49,2102.146117680638
2023-11-10 11:00:22,2091.7750422259596
2023-11-10 12:01:17,2100.171903397992
2023-11-10 13:01:48,2085.3334679764985
2023-11-10 14:00:28,2088.5108745327498
2023-11-10 15:01:05,2077.695817110947
2023-11-10 16:01:21,2089.8743290990637
2023-11-10 17:00:42,2096.379179877757
2023-11-10 18:00:58,2097.0484335833194
2023-11-10 19:00:18,2093.5187576818867
2023-11-10 20:00:13,2091.5801842799037
2023-11-10 21:00:02,2089.144419029848
2023-11-10 22:00:11,2095.1830759248032
2023-11-10 23:00:43,2083.883339365736
2023-11-11 00:00:21,2078.853466304058
2023-11-11 01:00:07,2076.7403358193487
2023-11-11 02:00:16,2045.766745957273
2023-11-11 03:00:44,2047.4698865129128
2023-11-11 04:00:01,2047.1530415209786
2023-11-11 05:00:09,2048.7609963596137
2023-11-11 06:01:00,2056.1428186204967
2023-11-11 07:01:07,2057.4473675499044
2023-11-11 08:00:22,2053.82687354978
2023-11-11 09:00:27,2051.018414858496
2023-11-11 10:00:32,2061.0781016780716
2023-11-11 11:00:08,2062.5185699611247
2023-11-11 12:00:10,2058.8253541728373
2023-11-11 13:01:23,2060.673428767281
2023-11-11 14:00:15,2060.6870677977963
2023-11-11 15:00:41,2086.209613629925
2023-11-11 16:00:13,2069.02550784541
2023-11-11 17:00:58,2084.944790813939
2023-11-11 18:00:07,2077.219792079866
2023-11-11 19:00:09,2075.7928733228537
2023-11-11 20:01:27,2076.670489193003
2023-11-11 21:00:44,2061.0602562385825
2023-11-11 22:00:10,2047.458733941541
2023-11-11 23:00:27,2044.7060151707647
2023-11-12 00:00:12,2052.994586063755
2023-11-12 01:00:37,2032.039378940851
2023-11-12 02:00:38,2041.4337581126515
2023-11-12 03:00:55,2042.6160930026494
2023-11-12 04:01:03,2052.0895872919555
2023-11-12 05:00:19,2048.526148562553
2023-11-12 06:00:04,2052.0607402141104
2023-11-12 07:00:49,2052.7776723724282
2023-11-12 08:00:38,2058.7099633353514
2023-11-12 09:01:12,2056.316026873715
2023-11-12 10:00:37,2051.157116335707
2023-11-12 11:00:40,2050.344955640044
2023-11-12 12:01:08,2051.9603338619595
2023-11-12 13:01:20,2045.0078779670428
2023-11-12 14:00:08,2050.430777325938
2023-11-12 15:00:22,2055.5084885133992
2023-11-12 16:00:33,2057.2288701077746
2023-11-12 17:00:53,2052.1602163022135
2023-11-12 18:00:13,2052.3952848230065
2023-11-12 19:00:53,2055.9725786131207
2023-11-12 20:00:28,2049.663924704168
2023-11-12 21:00:36,2053.407376910822
2023-11-12 22:00:34,2060.1228301623414
2023-11-12 23:00:06,2058.481899829704
2023-11-13 00:00:59,2045.427373217963
2023-11-13 01:00:54,2051.693789811245
2023-11-13 02:00:59,2065.881020391174
2023-11-13 03:01:09,2062.272131260808
2023-11-13 04:00:08,2045.9907292785463
2023-11-13 05:00:20,2043.658910896618
2023-11-13 06:00:08,2037.2800155769771
2023-11-13 07:00:56,2040.1372947241364
2023-11-13 08:00:41,2049.0835554980654
2023-11-13 09:01:22,2060.012648318018
2023-11-13 10:01:20,2056.07664910646
2023-11-13 11:00:12,2057.436959300751
2023-11-13 12:00:01,2045.600129292095
2023-11-13 13:01:19,2056.8887299183007
2023-11-13 14:00:18,2049.3787609030346
2023-11-13 15:00:25,2064.692633216128
2023-11-13 16:00:51,2101.003784110711
2023-11-13 17:00:33,2086.089826043402
2023-11-13 18:00:04,2078.1792074980012
2023-11-13 19:00:55,2092.4871605977805
2023-11-13 20:00:03,2100.3121425123827
2023-11-13 21:00:12,2093.9562780980564
2023-11-13 22:00:58,2054.8239718924233
2023-11-13 23:00:18,2063.580405673064
2023-11-14 00:00:09,2060.5328561356905
2023-11-14 01:00:25,2031.359123908579
2023-11-14 02:00:09,2046.1316221312345
2023-11-14 03:01:21,2053.8313279992058
2023-11-14 04:00:01,2055.7553912697417
2023-11-14 05:00:29,2055.595977281086
2023-11-14 06:00:28,2062.230552584337
2023-11-14 07:00:04,2058.6401520440045
2023-11-14 08:00:33,2061.187114667471
2023-11-14 09:00:11,2062.3890212321558
2023-11-14 10:01:18,2049.6875280499885
2023-11-14 11:01:18,2048.084754249747
2023-11-14 12:00:45,2038.1801450695637
2023-11-14 13:00:04,2035.1679745507438
2023-11-14 14:00:42,2044.3175317014172
2023-11-14 15:01:15,2050.2314910839336
2023-11-14 16:00:50,2037.0969761396184
2023-11-14 17:00:55,2047.2583120774318
2023-11-14 18:01:01,2031.0791724503435
2023-11-14 19:01:05,1969.150776001734
2023-11-14 20:00:43,1975.608919459288
2023-11-14 21:00:11,1976.9156289314215
2023-11-14 22:01:08,1982.6267109575226
2023-11-14 23:00:08,1986.921017048562
2023-11-15 00:00:02,1980.5154306252414
2023-11-15 01:00:02,1986.2441036316675
2023-11-15 02:00:50,1975.49598858287
2023-11-15 03:00:49,1973.4364875518784
2023-11-15 04:01:17,1968.9278990893615
2023-11-15 05:00:36,1982.320608221155
2023-11-15 06:00:47,1986.985070090133
2023-11-15 07:00:03,1984.2958393247898
2023-11-15 08:00:33,1983.1010607231779
2023-11-15 09:00:23,1990.1603799708253
2023-11-15 10:00:00,1986.7338157641732
2023-11-15 11:01:03,1988.7862770773045
2023-11-15 12:00:44,2011.800907085159
2023-11-15 13:00:30,2018.0913569007846
2023-11-15 14:00:05,2014.2761660213296
2023-11-15 15:00:17,2009.1008255643965
2023-11-15 16:00:13,2021.2759575556381
2023-11-15 17:00:15,2014.0418127658002
2023-11-15 18:00:45,2015.1182129141744
2023-11-15 19:00:52,2039.3592953307427
2023-11-15 20:00:09,2048.0287375694074
2023-11-15 21:00:07,2045.2107461152543
2023-11-15 22:00:13,2047.7357606247365
2023-11-15 23:00:42,2053.115953615818
2023-11-16 00:00:43,2060.8841666238086
2023-11-16 01:00:56,2074.3652313133116
2023-11-16 02:00:05,2063.3106837858554
2023-11-16 03:00:47,2057.969112331845
2023-11-16 04:00:04,2053.0340028611995
2023-11-16 05:01:02,2054.9009769474997
2023-11-16 06:00:38,2054.870289107965
2023-11-16 07:01:43,2060.2002987628252
2023-11-16 08:00:19,2054.204225044655
2023-11-16 09:02:50,2044.6718338529447
2023-11-16 10:00:22,2044.7078282743798
2023-11-16 11:00:38,2040.3561681598844
2023-11-16 12:01:25,2070.6228856592948
2023-11-16 13:01:19,2051.1284402348906
2023-11-16 14:00:46,2036.742902807386
2023-11-16 15:00:44,2028.575326818535
2023-11-16 16:00:20,1990.5262305065735
2023-11-16 17:00:24,2006.0436531011858
2023-11-16 18:00:40,2003.196861174057
2023-11-16 19:01:44,1983.3256888668714
2023-11-16 20:01:38,1960.9608292307576
2023-11-16 21:01:51,1963.2740956106006
2023-11-16 22:02:09,1957.2101586749254
2023-11-16 23:02:05,1968.261829068549
2023-11-17 00:01:32,1959.256967930386
2023-11-17 01:00:24,1977.7056734873283
2023-11-17 02:00:42,1987.255618673623
2023-11-17 03:00:44,1987.0689765781594
2023-11-17 04:02:13,1985.5614864070733
2023-11-17 05:00:10,1981.6386983966872
2023-11-17 06:00:44,1977.2501275760828
2023-11-17 07:00:56,1983.7117267192284
2023-11-17 08:00:23,1971.398557372148
2023-11-17 09:00:11,1978.2190048366483
2023-11-17 10:00:03,1975.4680344237206
2023-11-17 11:00:18,1964.8583662111744
2023-11-17 12:01:58,1963.7557099627468
2023-11-17 13:01:06,1960.4565154208144
2023-11-17 14:00:09,1954.184639229973
2023-11-17 15:01:53,1935.3707632809885
2023-11-17 16:02:43,1920.488109680332
2023-11-17 17:00:58,1918.5488943052887
2023-11-17 18:02:06,1942.6545302804006
2023-11-17 19:01:00,1943.7926944453568
2023-11-17 20:01:03,1937.2560857694227
2023-11-17 21:02:24,1948.9661828110743
2023-11-17 22:02:16,1945.750553264655
2023-11-17 23:00:12,1963.1120176274187
2023-11-18 00:02:48,1962.6581500942752
2023-11-18 01:00:51,1955.8426211462388
2023-11-18 02:02:26,1950.4162268416035
2023-11-18 03:00:32,1952.2433734061822
2023-11-18 04:00:24,1941.008090433098
2023-11-18 05:00:33,1940.7387534845907
2023-11-18 06:01:13,1932.4306676194096
2023-11-18 07:00:42,1929.9449272956035
2023-11-18 08:01:57,1936.3379813683143
2023-11-18 09:01:20,1939.9315540778196
2023-11-18 10:00:15,1940.788172004119
2023-11-18 11:01:01,1943.9331118052182
2023-11-18 12:02:08,1935.760595307817
2023-11-18 13:00:26,1941.2712931366611
2023-11-18 14:01:16,1939.1814737840461
2023-11-18 15:02:23,1941.6759491266105
2023-11-18 16:00:38,1953.9234218045
2023-11-18 17:01:24,1964.733402441446
2023-11-18 18:00:16,1965.6586051540428
2023-11-18 19:02:02,1968.4176376815922
2023-11-18 20:01:04,1964.2737222766098
2023-11-18 21:00:55,1964.4321315196776
2023-11-18 22:02:06,1961.033060771565
2023-11-18 23:01:05,1959.2128644752104
2023-11-19 00:00:29,1962.6305661102026
2023-11-19 01:02:05,1953.6204310352637
2023-11-19 02:00:50,1951.7722665396004
2023-11-19 03:00:19,1949.8888515569963
2023-11-19 04:00:28,1953.153981783654
2023-11-19 05:01:00,1957.5230710410158
2023-11-19 06:00:13,1957.3925456426598
2023-11-19 07:00:09,1963.10804244757
2023-11-19 08:00:07,1962.0673669537605
2023-11-19 09:00:19,1959.351188423689
2023-11-19 10:00:35,1962.8480378263525
2023-11-19 11:00:29,1960.838962737406
2023-11-19 12:01:05,1950.9614650106266
2023-11-19 13:01:24,1953.8006039219492
2023-11-19 14:00:05,1953.4848500210596
2023-11-19 15:00:04,1953.723639780043
2023-11-19 16:01:04,1966.231481670699
2023-11-19 17:01:32,1968.8377115559067
2023-11-19 18:01:04,1972.640211038884
2023-11-19 19:01:07,1979.4056078079739
2023-11-19 20:00:10,1985.222453882281
2023-11-19 21:00:37,1984.9152232589254
2023-11-19 22:00:24,1984.1413712545123
2023-11-19 23:00:42,1978.2947255855413
2023-11-20 00:00:37,2011.1267210635335
2023-11-20 01:00:30,2003.990083854003
2023-11-20 02:00:50,2003.0477546703166
2023-11-20 03:00:31,2009.304988729335
2023-11-20 04:01:06,1999.3127048026556
2023-11-20 05:01:25,2004.2107945070227
2023-11-20 06:00:10,1999.4167556184605
2023-11-20 07:00:47,2007.694723996808
2023-11-20 08:00:05,2014.2691151055865
2023-11-20 09:00:32,2017.0101974170295
2023-11-20 10:00:27,2035.6136130784867
2023-11-20 11:00:14,2038.3548875071083
2023-11-20 12:00:30,2024.681777548213
2023-11-20 13:00:59,2020.8985904124122
2023-11-20 14:00:54,2017.3067656586377
2023-11-20 15:00:14,2041.3306447421762
2023-11-20 16:00:09,2042.5122003325748
2023-11-20 17:01:06,2020.913635065728
2023-11-20 18:00:00,2058.0293757479935
2023-11-20 19:00:26,2051.2333143041506
2023-11-20 20:00:08,2038.8984211875893
2023-11-20 21:00:08,2034.0996483822387
2023-11-20 22:01:06,2025.1196581708075
2023-11-20 23:00:22,2027.0741051687266
2023-11-21 00:00:13,2022.3881475372507
2023-11-21 01:00:17,2025.6970811031192
2023-11-21 02:00:40,2035.369367327266
2023-11-21 03:01:04,2012.1606480256846
2023-11-21 04:00:54,2018.2556326042245
2023-11-21 05:00:01,2014.2782613572972
2023-11-21 06:00:10,2015.0031135987751
2023-11-21 07:00:16,2016.0020505644468
2023-11-21 08:00:05,2004.3907906701008
2023-11-21 09:00:19,2012.4330403870258
2023-11-21 10:00:09,2010.7061446413738
2023-11-21 11:00:04,2013.6020236814395
2023-11-21 12:00:41,2004.6752885863252
2023-11-21 13:00:37,2011.6463360107566
2023-11-21 14:00:41,2003.210391633511
2023-11-21 15:00:09,1988.121464289615
2023-11-21 16:00:04,2001.1342944249602
2023-11-21 17:00:39,2003.9514646585374
2023-11-21 18:00:21,1977.2341414652024
2023-11-21 19:00:09,1972.6301301624176
2023-11-21 20:00:28,1987.4990164735098
2023-11-21 21:00:03,1993.7878951515222
2023-11-21 22:00:08,1984.7612747009696
2023-11-21 23:00:45,1952.1956023237433
2023-11-22 00:00:01,1944.2089777255314
2023-11-22 01:00:03,1954.2909329087065
2023-11-22 02:00:10,1964.437371362934
2023-11-22 03:00:22,1973.0158368479872
2023-11-22 04:00:53,1980.04449234412
2023-11-22 05:00:45,1985.7739391965163
2023-11-22 06:01:18,1983.1188839309436
2023-11-22 07:00:56,1995.9942970160823
2023-11-22 08:00:54,1992.141862308522
2023-11-22 09:01:11,2003.2904123165822
2023-11-22 10:00:50,2009.0358804543998
2023-11-22 11:00:46,2026.3460735895712
2023-11-22 12:00:49,2017.7056783214173
2023-11-22 13:01:20,2021.922413928872
2023-11-22 14:00:31,2035.5458093294637
2023-11-22 15:00:27,2018.9648672396834
2023-11-22 16:00:39,2032.3863060994881
2023-11-22 17:00:23,2031.8214188206261
2023-11-22 18:00:10,2034.6945187886079
2023-11-22 19:00:07,2051.558862390011
2023-11-22 20:00:10,2075.6751116926885
2023-11-22 21:00:03,2075.989514540335
2023-11-22 22:00:27,2079.9423981926757
2023-11-22 23:01:03,2067.6872029218466
2023-11-23 00:01:15,2065.9414413104028
2023-11-23 01:00:50,2053.3733251492185
2023-11-23 02:00:55,2068.879141448497
2023-11-23 03:01:23,2063.4587848258193
2023-11-23 04:00:39,2059.9587864919245
2023-11-23 05:00:12,2061.554665693171
2023-11-23 06:00:47,2063.512313263462
2023-11-23 07:00:22,2061.2546244966024
2023-11-23 08:00:45,2066.296299096616
2023-11-23 09:00:06,2076.5421673250626
2023-11-23 10:00:02,2081.471402648317
2023-11-23 11:00:25,2071.339203772654
2023-11-23 12:00:08,2057.303430191889
2023-11-23 13:00:03,2055.3994789969393
2023-11-23 14:00:13,2052.89583210069
2023-11-23 15:01:02,2060.828721988494
2023-11-23 16:00:43,2044.7037416802411
2023-11-23 17:00:09,2049.618826412243
2023-11-23 18:00:30,2059.2430610296688
2023-11-23 19:00:53,2059.7016547257945
2023-11-23 20:00:27,2065.414619865769
2023-11-23 21:00:11,2066.8039640365064
2023-11-23 22:00:05,2069.318060441144
2023-11-23 23:00:47,2068.4664448029616
2023-11-24 00:00:20,2062.269551857858
2023-11-24 01:00:30,2063.7080242146785
2023-11-24 02:00:29,2068.079477533021
2023-11-24 03:00:10,2071.4996405145
2023-11-24 04:01:11,2065.1719748870114
2023-11-24 05:00:24,2069.103355985542
2023-11-24 06:00:48,2068.8056957432796
2023-11-24 07:00:40,2068.891411715777
2023-11-24 08:00:19,2078.4408234510147
2023-11-24 09:00:32,2076.5749986205756
2023-11-24 10:00:25,2108.593573423915
2023-11-24 11:00:45,2106.227466757564
2023-11-24 12:01:01,2099.773323194422
2023-11-24 13:00:39,2100.945141354778
2023-11-24 14:00:50,2103.9309413253213
2023-11-24 15:00:06,2112.803098611134
2023-11-24 16:00:10,2119.939170139496
2023-11-24 17:00:17,2095.6425084420516
2023-11-24 18:00:54,2103.5520916120863
2023-11-24 19:00:47,2093.4189098869065
2023-11-24 20:00:11,2090.028350777812
2023-11-24 21:00:47,2091.2614164523798
2023-11-24 22:00:17,2087.592461095835
2023-11-24 23:01:00,2077.6181949547645
2023-11-25 00:00:55,2080.8517575183496
2023-11-25 01:00:35,2076.7130682235547
2023-11-25 02:00:47,2086.402025269114
2023-11-25 03:00:27,2086.9398540311727
2023-11-25 04:00:59,2087.5842350003095
2023-11-25 05:00:08,2086.91079331533
2023-11-25 06:00:52,2083.7416186215887
2023-11-25 07:00:17,2083.970272303388
2023-11-25 08:00:14,2089.706858920506
2023-11-25 09:01:22,2086.574579060372
2023-11-25 10:00:04,2083.271887289429
2023-11-25 11:00:59,2077.108181390531
2023-11-25 12:00:06,2070.2864475368474
2023-11-25 13:00:25,2076.592023303931
2023-11-25 14:00:34,2079.55209495204
2023-11-25 15:00:04,2075.829028353596
2023-11-25 16:00:36,2079.236610537298
2023-11-25 17:00:59,2078.6079585561383
2023-11-25 18:00:10,2078.214403231703
2023-11-25 19:00:28,2081.8002151364444
2023-11-25 20:00:24,2084.082703645763
2023-11-25 21:00:37,2084.3807638972116
2023-11-25 22:00:58,2084.728462716009
2023-11-25 23:00:13,2083.960580445216
2023-11-26 00:00:36,2084.5750620832714
2023-11-26 01:00:18,2082.1927270770566
2023-11-26 02:00:07,2072.400501662317
2023-11-26 03:00:41,2077.2368904966247
2023-11-26 04:00:12,2076.8705865210286
2023-11-26 05:00:34,2082.512752358184
2023-11-26 06:00:00,2082.8861626138573
2023-11-26 07:00:04,2086.0871192300788
2023-11-26 08:00:23,2091.652872847649
2023-11-26 09:00:04,2092.248150270578
2023-11-26 10:00:46,2091.0915124056733
2023-11-26 11:00:14,2087.0862200029383
2023-11-26 12:00:25,2084.5110896886304
2023-11-26 13:00:05,2084.4404090895273
2023-11-26 14:00:12,2081.0518886623336
2023-11-26 15:00:03,2067.255479873226
2023-11-26 16:00:47,2062.9928415477407
2023-11-26 17:01:05,2044.2755962276467
2023-11-26 18:01:16,2050.455913442927
2023-11-26 19:00:11,2047.8493856065888
2023-11-26 20:00:12,2053.107296644075
2023-11-26 21:00:18,2078.003194935033
2023-11-26 22:00:02,2077.4936027380113
2023-11-26 23:00:19,2076.4571929210965
2023-11-27 00:00:11,2064.0742181655314
2023-11-27 01:00:13,2068.793454470549
2023-11-27 02:00:32,2063.329999761411
2023-11-27 03:01:04,2052.3323424047976
2023-11-27 04:00:32,2049.27222684986
2023-11-27 05:00:38,2050.897332034728
2023-11-27 06:00:30,2050.0902316932534
2023-11-27 07:00:36,2041.6982598201798
2023-11-27 08:00:05,2045.293146446098
2023-11-27 09:00:08,2046.1421663598373
2023-11-27 10:00:01,2051.6403876457916
2023-11-27 11:00:41,2025.2113234465548
2023-11-27 12:00:26,2029.4037759978876
2023-11-27 13:00:29,2027.3326964745158
2023-11-27 14:01:05,2018.570171425508
2023-11-27 15:00:48,2016.778262410016
2023-11-27 16:00:34,2010.061112070869
2023-11-27 17:00:54,2019.5877042235645
2023-11-27 18:00:12,2010.0727121027182
2023-11-27 19:00:29,2009.3488302405901
2023-11-27 20:01:06,1994.3094955736615
2023-11-27 21:00:37,1995.645696452341
2023-11-27 22:00:17,2013.720977288482
2023-11-27 23:00:16,2020.0738337274602
2023-11-28 00:00:39,2027.218232364721
2023-11-28 01:00:29,2034.637381221811
2023-11-28 02:00:47,2027.4675094873155
2023-11-28 03:00:02,2027.8271094034335
2023-11-28 04:00:11,2025.826129731517
2023-11-28 05:00:54,2019.5721880674864
2023-11-28 06:01:01,1998.9183409171658
2023-11-28 07:00:47,2012.7933340828972
2023-11-28 08:00:20,2014.2043770305315
2023-11-28 09:00:36,2006.2029036351144
2023-11-28 10:00:07,2017.714740609209
2023-11-28 11:00:16,2018.6519536410178
2023-11-28 12:00:33,2029.2627941659878
2023-11-28 13:00:50,2022.192273628428
2023-11-28 14:00:32,2036.546637975144
2023-11-28 15:00:02,2031.8120199060604
2023-11-28 16:00:04,2037.7776746780764
2023-11-28 17:00:48,2061.5895572798754
2023-11-28 18:00:46,2070.714708501092
2023-11-28 19:01:54,2058.473970558907
2023-11-28 20:00:22,2065.7351677945976
2023-11-28 21:00:31,2066.0069085067207
2023-11-28 22:00:00,2053.363572456328
2023-11-28 23:00:08,2045.3234213680505
2023-11-29 00:01:06,2048.535256652576
2023-11-29 01:01:04,2050.885038214617
2023-11-29 02:00:36,2051.2280135124815
2023-11-29 03:00:56,2050.3831455786703
2023-11-29 04:01:12,2053.4972563441415
2023-11-29 05:00:54,2053.141600586375
2023-11-29 06:00:02,2054.911381615167
2023-11-29 07:00:40,2062.33615399614
2023-11-29 08:00:12,2062.968030910987
2023-11-29 09:00:36,2068.8400204615195
2023-11-29 10:01:16,2068.8211753531923
2023-11-29 11:00:26,2044.8240665237643
2023-11-29 12:00:06,2057.218715217446
2023-11-29 13:00:03,2058.1765805842188
2023-11-29 14:00:06,2055.9026452453886
2023-11-29 15:00:25,2037.8739881949418
2023-11-29 16:00:19,2034.0928587839255
2023-11-29 17:00:29,2026.5091877212442
2023-11-29 18:00:36,2034.5190405927249
2023-11-29 19:00:37,2037.3237098529264
2023-11-29 20:00:19,2035.3931079421056
2023-11-29 21:00:21,2024.448157513166
2023-11-29 22:00:12,2025.5843343006088
2023-11-29 23:00:38,2029.4762732195647
2023-11-30 00:00:44,2025.9373276989
2023-11-30 01:00:04,2030.5374013135597
2023-11-30 02:00:24,2023.6538763867786
2023-11-30 03:00:00,2035.8528241038298
2023-11-30 04:01:21,2040.6721679817922
2023-11-30 05:01:01,2036.5370714891794
2023-11-30 06:00:10,2033.292842579379
2023-11-30 07:00:00,2033.495694185009
2023-11-30 08:00:09,2034.7012296685912
2023-11-30 09:00:46,2027.6344548187
2023-11-30 10:00:54,2028.3680889426626
2023-11-30 11:00:10,2029.6417374276025
2023-11-30 12:00:03,2041.520352739792
2023-11-30 13:00:01,2046.6339873421878
2023-11-30 14:01:19,2038.6961629440614
2023-11-30 15:00:07,2031.9395179511885
2023-11-30 16:00:54,2027.9182522112992
2023-11-30 17:01:02,2034.9892417086392
2023-11-30 18:00:52,2039.43119329384
2023-11-30 19:00:31,2038.6896661191754
2023-11-30 20:00:27,2043.0470137346717
2023-11-30 21:01:35,2044.054952539719
2023-11-30 22:00:03,2047.8353194399008
2023-11-30 23:00:06,2043.801111862139
2023-12-01 00:01:00,2051.7567179446996
2023-12-01 01:01:21,2049.669785517984
2023-12-01 02:00:34,2089.110597103484
2023-12-01 03:00:24,2086.5186731465983
2023-12-01 04:00:25,2092.757323842406
2023-12-01 05:00:19,2094.6452462372044
2023-12-01 06:00:41,2092.2194121233265
2023-12-01 07:00:54,2092.643584325683
2023-12-01 08:01:02,2094.5556359186367
2023-12-01 09:00:53,2096.7512004066084
2023-12-01 10:00:25,2106.3749506004683
2023-12-01 11:00:30,2093.497572173401
2023-12-01 12:00:57,2092.731204437225
2023-12-01 13:00:19,2085.6496778864607
2023-12-01 14:00:47,2081.196683528079
2023-12-01 15:01:19,2079.5277681652615
2023-12-01 16:00:19,2080.2252128534924
2023-12-01 17:00:50,2109.608891756051
2023-12-01 18:01:04,2093.5187609898853
2023-12-01 19:01:20,2093.3979126585677
2023-12-01 20:00:28,2089.6720350759265
2023-12-01 21:00:16,2092.8786336081566
2023-12-01 22:01:16,2095.281375811567
2023-12-01 23:00:25,2085.409758967528
2023-12-02 00:00:29,2085.7123613209396
2023-12-02 01:01:00,2093.2712289826477
2023-12-02 02:01:07,2094.2319814434013
2023-12-02 03:00:49,2092.475882801241
2023-12-02 04:00:43,2094.5165386926174
2023-12-02 05:00:07,2092.802507023218
2023-12-02 06:00:07,2096.5505068351263
2023-12-02 07:00:03,2102.286060117473
2023-12-02 08:00:16,2099.211338821285
2023-12-02 09:00:06,2100.158038116235
2023-12-02 10:00:04,2104.4293645605467
2023-12-02 11:00:50,2102.227989917426
2023-12-02 12:00:10,2100.9090728978717
2023-12-02 13:00:34,2105.138025746113
2023-12-02 14:00:19,2107.0171651675014
2023-12-02 15:00:21,2097.9668184474494
2023-12-02 16:00:46,2104.632040264359
2023-12-02 17:01:04,2098.657622858049
2023-12-02 18:01:15,2106.1277510153263
2023-12-02 19:00:43,2149.8142107016656
2023-12-02 20:00:08,2156.3885865211614
2023-12-02 21:01:16,2156.516582245314
2023-12-02 22:01:35,2173.9096468602525
2023-12-02 23:01:26,2158.2566679762012
2023-12-03 00:00:25,2165.297880951399
2023-12-03 01:00:02,2165.8266947832944
2023-12-03 02:00:39,2170.01712682133
2023-12-03 03:01:06,2165.391049154787
2023-12-03 04:00:57,2161.607529548647
2023-12-03 05:01:01,2157.443389116165
2023-12-03 06:01:14,2159.999829059769
2023-12-03 07:00:12,2155.7808769294
2023-12-03 08:00:29,2164.9413401982806
2023-12-03 09:00:12,2162.253337361652
2023-12-03 10:00:07,2164.5600131304914
2023-12-03 11:00:02,2168.771374509638
2023-12-03 12:01:06,2158.588653039712
2023-12-03 13:00:09,2151.38523999245
2023-12-03 14:01:04,2167.086748054953
2023-12-03 15:00:15,2151.6538679694786
2023-12-03 16:00:34,2161.488264000528
2023-12-03 17:00:34,2159.0093140884965
2023-12-03 18:00:04,2153.71052227736
2023-12-03 19:00:48,2162.0764794881597
2023-12-03 20:00:41,2167.23730565242
2023-12-03 21:01:21,2168.1136187396505
2023-12-03 22:01:12,2181.408601307302
2023-12-03 23:00:21,2207.008100280305
2023-12-04 00:00:48,2195.431886891632
2023-12-04 01:00:17,2209.6329773836815
2023-12-04 02:00:02,2219.7788556326623
2023-12-04 03:00:45,2214.2460309341263
2023-12-04 04:00:07,2212.1660748350964
2023-12-04 05:00:08,2224.473416397444
2023-12-04 06:02:28,2248.074513578334
2023-12-04 07:00:41,2249.5633668182486
2023-12-04 08:00:06,2245.6548801816525
2023-12-04 09:00:37,2258.3386882164605
2023-12-04 10:00:10,2257.7340034394483
2023-12-04 11:00:25,2270.0147582832988
2023-12-04 12:00:18,2232.3652430040697
2023-12-04 13:00:01,2256.967674418147
2023-12-04 14:01:04,2240.2837608479254
2023-12-04 15:00:13,2226.6980876833136
2023-12-04 16:01:02,2210.915941100813
2023-12-04 17:00:09,2220.993727404964
2023-12-04 18:00:12,2219.0441493225553
2023-12-04 19:00:07,2222.967597963126
2023-12-04 20:00:32,2230.997965570675
2023-12-04 21:00:38,2229.2921320436367
2023-12-04 22:00:58,2233.122381771933
2023-12-04 23:00:25,2223.2342533333253
2023-12-05 00:01:07,2244.3476012460765
2023-12-05 01:00:36,2250.0042419883152
2023-12-05 02:00:56,2241.7206345948475
2023-12-05 03:00:51,2227.6808414014454
2023-12-05 04:01:05,2228.3920276989243
2023-12-05 05:00:09,2226.8962990610694
2023-12-05 06:00:50,2234.7468810239984
2023-12-05 07:00:11,2230.75111437998
2023-12-05 08:00:05,2201.45089711779
2023-12-05 09:00:40,2202.1975735906
2023-12-05 10:00:53,2209.2402238359755
2023-12-05 11:00:04,2201.8715332279767
2023-12-05 12:00:59,2204.927844932168
2023-12-05 13:00:47,2212.8630203439334
2023-12-05 14:00:15,2203.077217787108
2023-12-05 15:00:50,2213.4571924692277
2023-12-05 16:00:13,2229.941544534376
2023-12-05 17:00:20,2235.368511732408
2023-12-05 18:01:36,2289.447097888811
2023-12-05 19:01:16,2289.1930693261297
2023-12-05 20:00:59,2274.094846099846
2023-12-05 21:00:18,2264.3255708946413
2023-12-05 22:00:38,2276.275062120258
2023-12-05 23:00:58,2277.7504088481423
2023-12-06 00:00:10,2294.0951698534136
2023-12-06 01:01:32,2297.759263073902
2023-12-06 02:01:24,2296.080513209881
2023-12-06 03:00:32,2289.246168639907
2023-12-06 04:00:46,2281.4012092555595
2023-12-06 05:01:03,2280.555667587931
2023-12-06 06:00:47,2267.7543730355046
2023-12-06 07:01:01,2269.4227535331256
2023-12-06 08:01:11,2270.6437513291366
2023-12-06 09:00:59,2280.4387452570318
2023-12-06 10:00:24,2274.730149339075
2023-12-06 11:00:14,2272.0475932548957
2023-12-06 12:00:31,2254.72524771362
2023-12-06 13:00:30,2262.6739416320142
2023-12-06 14:00:06,2262.0468138945316
2023-12-06 15:00:05,2255.15752320191
2023-12-06 16:00:12,2253.279070338891
2023-12-06 17:00:30,2262.6567378373393
2023-12-06 18:00:09,2272.9364696944185
2023-12-06 19:00:30,2272.0201941679998
2023-12-06 20:00:12,2264.275285773385
2023-12-06 21:00:51,2256.2363006547525
2023-12-06 22:00:13,2248.233714517882
2023-12-06 23:00:41,2233.3881913193673
2023-12-07 00:00:07,2232.0254402104606
2023-12-07 01:00:24,2242.2913560046013
2023-12-07 02:00:15,2241.196095291407
2023-12-07 03:00:16,2248.87968515127
2023-12-07 04:00:03,2247.501326027089
2023-12-07 05:00:30,2263.745757154004
2023-12-07 06:00:17,2265.139138845603
2023-12-07 07:00:17,2260.913094949102
2023-12-07 08:00:17,2261.7703404337694
2023-12-07 09:00:33,2249.3948960044877
2023-12-07 10:01:08,2242.379046661927
2023-12-07 11:00:36,2234.3779427770087
2023-12-07 12:00:08,2236.815713608822
2023-12-07 13:00:12,2251.6688126245826
2023-12-07 14:00:03,2248.8085641313223
2023-12-07 15:00:14,2262.492312559555
2023-12-07 16:00:11,2323.700300857696
2023-12-07 17:00:19,2346.6409411020695
2023-12-07 18:00:07,2331.191822351428
2023-12-07 19:00:05,2340.6582313314416
2023-12-07 20:00:11,2333.4544057530807
2023-12-07 21:00:32,2347.3849760225307
2023-12-07 22:00:10,2368.7388962321
2023-12-07 23:00:19,2352.381154511907
2023-12-08 00:00:21,2354.386930946088
2023-12-08 01:00:18,2357.4161825820474
2023-12-08 02:00:09,2360.48298764625
2023-12-08 03:00:02,2380.9893397374985
2023-12-08 04:00:08,2377.6089643470846
2023-12-08 05:00:04,2371.571514308305
2023-12-08 06:00:05,2376.211766565473
2023-12-08 07:00:11,2375.372534931155
2023-12-08 08:00:18,2359.682111374982
2023-12-08 09:00:01,2353.4942326076284
2023-12-08 10:00:12,2349.395860258485
2023-12-08 11:00:13,2358.9295814225984
2023-12-08 12:00:18,2366.6481577985005
2023-12-08 13:00:05,2368.273988203457
2023-12-08 14:00:14,2344.246444847828
2023-12-08 15:00:11,2362.693072854013
2023-12-08 16:00:10,2351.331491116541
2023-12-08 17:00:11,2355.3807546765697
2023-12-08 18:00:04,2351.1734446315595
2023-12-08 19:00:08,2351.874848743162
2023-12-08 20:00:13,2353.933713475463
2023-12-08 21:00:30,2363.9515800259237
2023-12-08 22:00:06,2363.755071718663
2023-12-08 23:00:44,2361.3545969593247
2023-12-09 00:00:34,2358.072243861438
2023-12-09 01:00:31,2363.192823648245
2023-12-09 02:01:06,2354.712965453429
2023-12-09 03:00:04,2354.5490663661158
2023-12-09 04:00:05,2357.301954123893
2023-12-09 05:00:14,2368.219161800742
2023-12-09 06:00:15,2366.4503297737892
2023-12-09 07:00:08,2375.7221891161626
2023-12-09 08:00:27,2384.9277288556495
2023-12-09 09:00:16,2363.85645150878
2023-12-09 10:00:09,2359.227778441518
2023-12-09 11:00:20,2360.0351293521653
2023-12-09 12:00:44,2356.7343671330405
2023-12-09 13:00:27,2357.9951048260423
2023-12-09 14:00:03,2357.059727478668
2023-12-09 15:00:20,2351.6608315647504
2023-12-09 16:00:16,2367.2007080135095
2023-12-09 17:00:36,2354.129316099176
2023-12-09 18:00:45,2351.517662149481
2023-12-09 19:00:46,2359.4728707373733
2023-12-09 20:00:03,2356.5019188938572
2023-12-09 21:00:07,2353.7198073299287
2023-12-09 22:00:03,2355.744193859243
2023-12-09 23:00:37,2353.420596426464
2023-12-10 00:00:29,2340.316214888125
2023-12-10 01:00:36,2351.632993644307
2023-12-10 02:00:47,2349.70370749996
2023-12-10 03:00:14,2348.0775286591033
2023-12-10 04:00:17,2350.5316783341873
2023-12-10 05:00:32,2354.5049090208026
2023-12-10 06:00:25,2355.1855753241507
2023-12-10 07:00:25,2350.4985776206922
2023-12-10 08:00:07,2352.688042841124
2023-12-10 09:00:08,2344.249761071516
2023-12-10 10:00:00,2333.393269851366
2023-12-10 11:00:16,2336.344000245206
2023-12-10 12:00:13,2337.872620015205
2023-12-10 13:00:10,2347.001224012061
2023-12-10 14:00:18,2345.493612699548
2023-12-10 15:00:13,2349.8812569520715
2023-12-10 16:00:12,2350.5483140587703
2023-12-10 17:00:13,2347.1722318504285
2023-12-10 18:00:39,2342.877934408484
2023-12-10 19:00:14,2356.3004195282733
2023-12-10 20:00:23,2355.705935071501
2023-12-10 21:00:26,2376.3258550762275
2023-12-10 22:00:24,2360.6547345286795
2023-12-10 23:00:28,2361.5471885578463
2023-12-11 00:00:04,2352.0987284889175
2023-12-11 01:00:21,2344.6323973741805
2023-12-11 02:00:37,2331.441257070573
2023-12-11 03:00:15,2238.271178016413
2023-12-11 04:00:12,2251.2434546677696
2023-12-11 05:00:42,2240.91919358949
2023-12-11 06:00:13,2246.169522744712
2023-12-11 07:00:05,2238.468638728524
2023-12-11 08:00:20,2236.40651438083
2023-12-11 09:00:39,2242.4959632146283
2023-12-11 10:00:05,2244.3923497598075
2023-12-11 11:00:06,2246.0807972744415
2023-12-11 12:00:14,2248.3849655000777
2023-12-11 13:00:31,2242.7599768638606
2023-12-11 14:00:18,2237.749278185095
2023-12-11 15:00:23,2222.179513909502
2023-12-11 16:00:16,2217.295532463982
2023-12-11 17:00:05,2210.0545748882323
2023-12-11 18:00:16,2204.0892823773406
2023-12-11 19:00:07,2188.354921114395
2023-12-11 20:00:30,2185.833549288739
2023-12-11 21:00:00,2194.52954751851
2023-12-11 22:00:23,2207.751727412564
2023-12-11 23:00:06,2214.106280672187
2023-12-12 00:00:22,2225.35671853969
2023-12-12 01:00:21,2231.119041735998
2023-12-12 02:00:51,2234.2190221387045
2023-12-12 03:00:27,2238.881602096193
2023-12-12 04:00:14,2230.6237229271364
2023-12-12 05:00:31,2223.8441782817195
2023-12-12 06:00:18,2223.9449931139384
2023-12-12 07:00:15,2223.4176075232267
2023-12-12 08:00:20,2237.383108655195
2023-12-12 09:00:23,2236.5831102428983
2023-12-12 10:00:17,2227.2399759486343
2023-12-12 11:00:07,2224.4570541044313
2023-12-12 12:00:21,2207.531565658438
2023-12-12 13:00:15,2224.4459476646202
2023-12-12 14:00:18,2225.9037959526627
2023-12-12 15:00:04,2209.604313781867
2023-12-12 16:00:24,2195.195416430977
2023-12-12 17:00:03,2191.184524668096
2023-12-12 18:00:16,2170.273017921177
2023-12-12 19:00:31,2188.783666708901
2023-12-12 20:00:13,2176.4346793373343
2023-12-12 21:00:20,2186.815897302939
2023-12-12 22:00:34,2171.847184398363
2023-12-12 23:00:01,2189.1390138850043
2023-12-13 00:00:05,2200.3337161808727
2023-12-13 01:00:30,2201.665902114101
2023-12-13 02:00:24,2181.3184464808696
2023-12-13 03:00:32,2172.360054725067
2023-12-13 04:00:31,2164.9342847020557
2023-12-13 05:00:10,2166.431731698555
2023-12-13 06:00:36,2170.7467034898086
2023-12-13 07:00:13,2161.2876853138378
2023-12-13 08:00:14,2171.3451670338877
2023-12-13 09:00:12,2182.2311923759958
2023-12-13 10:00:01,2176.3113571014505
2023-12-13 11:00:14,2170.4022528724504
2023-12-13 12:00:36,2170.5095499775703
2023-12-13 13:00:06,2177.818905313328
2023-12-13 14:01:00,2191.427518447242
2023-12-13 15:00:23,2189.716944625186
2023-12-13 16:00:07,2216.72152610008
2023-12-13 17:00:38,2205.485324793235
2023-12-13 18:00:49,2212.4027098590896
2023-12-13 19:00:08,2217.8111231677894
2023-12-13 20:00:27,2250.795392623662
2023-12-13 21:00:48,2260.9978465886825
2023-12-13 22:00:17,2268.6461790716244
2023-12-13 23:00:04,2260.2589528791736
2023-12-14 00:00:13,2260.8823525751127
2023-12-14 01:00:52,2258.821436491819
2023-12-14 02:00:02,2254.803450412945
2023-12-14 03:00:09,2252.5154833774213
2023-12-14 04:00:40,2250.919249767384
2023-12-14 05:00:50,2246.524365688395
2023-12-14 06:00:18,2259.2148790358683
2023-12-14 07:00:42,2276.195172624798
2023-12-14 08:00:39,2281.191534221707
2023-12-14 09:00:18,2275.653060026484
2023-12-14 10:00:14,2287.108076444988
2023-12-14 11:00:29,2287.713694660719
2023-12-14 12:00:34,2299.6171073702585
2023-12-14 13:00:29,2301.1141572949896
2023-12-14 14:00:48,2273.615182695372
2023-12-14 15:00:03,2281.113758990754
2023-12-14 16:00:00,2275.3455325867303
2023-12-14 17:00:11,2282.324339514226
2023-12-14 18:00:38,2305.557234498739
2023-12-14 19:00:20,2287.6498929021386
2023-12-14 20:00:23,2292.7287613490885
2023-12-14 21:00:44,2289.247713997619
2023-12-14 22:00:19,2296.683393397747
2023-12-14 23:00:04,2310.848632328659
2023-12-15 00:00:03,2316.088013499531
2023-12-15 01:00:31,2301.924380399707
2023-12-15 02:00:48,2298.2145801234897
2023-12-15 03:00:48,2291.5406902326645
2023-12-15 04:00:50,2285.1734978588806
2023-12-15 05:00:52,2281.732607059584
2023-12-15 06:00:06,2266.8062450175344
2023-12-15 07:00:15,2260.6627988054665
2023-12-15 08:00:23,2268.6610484422577
2023-12-15 09:00:43,2274.847886358971
2023-12-15 10:00:19,2276.0503542227766
2023-12-15 11:00:42,2278.9798444348553
2023-12-15 12:01:02,2274.227736355017
2023-12-15 13:00:03,2259.8226104931728
2023-12-15 14:00:41,2245.382548082207
2023-12-15 15:00:03,2238.5329182613937
2023-12-15 16:00:32,2233.078008563068
2023-12-15 17:00:43,2232.147987865323
2023-12-15 18:00:22,2230.332294209554
2023-12-15 19:00:31,2244.4663365331253
2023-12-15 20:00:12,2242.1405501147938
2023-12-15 21:00:07,2251.944689357121
2023-12-15 22:00:19,2247.320401733505
2023-12-15 23:00:32,2234.2495734427625
2023-12-16 00:00:37,2217.281889718784
2023-12-16 01:00:12,2228.786473038836
2023-12-16 02:00:11,2240.338519266283
2023-12-16 03:00:16,2243.6154096496093
2023-12-16 04:00:43,2256.974123740108
2023-12-16 05:00:07,2249.034119350952
2023-12-16 06:00:26,2246.9771383885004
2023-12-16 07:00:04,2243.7512360361666
2023-12-16 08:00:23,2240.778829146608
2023-12-16 09:00:05,2243.2829684787303
2023-12-16 10:00:32,2247.7436282918407
2023-12-16 11:00:04,2246.7856571304355
2023-12-16 12:00:01,2252.0339460724103
2023-12-16 13:00:26,2252.478749013758
2023-12-16 14:00:13,2243.9509216731844
2023-12-16 15:00:15,2245.6752589650932
2023-12-16 16:00:40,2257.558145254316
2023-12-16 17:00:18,2251.306062590144
2023-12-16 18:00:11,2252.182106352599
2023-12-16 19:00:30,2242.4695918736243
2023-12-16 20:00:10,2233.348350376875
2023-12-16 21:00:09,2236.663042782247
2023-12-16 22:00:04,2230.3296225875497
2023-12-16 23:00:04,2227.8269846951225
2023-12-17 00:00:41,2227.254780499654
2023-12-17 01:00:57,2228.9853198500164
2023-12-17 02:00:24,2222.741609237036
2023-12-17 03:00:36,2218.1656613585656
2023-12-17 04:00:18,2217.261233179406
2023-12-17 05:00:17,2219.472210619549
2023-12-17 06:00:24,2211.8147556161684
2023-12-17 07:00:43,2206.370716940144
2023-12-17 08:00:30,2205.7640204320933
2023-12-17 09:00:26,2214.089648078272
2023-12-17 10:00:12,2217.2827242966687
2023-12-17 11:00:04,2216.5362509245538
2023-12-17 12:00:03,2213.7527384790505
2023-12-17 13:01:25,2215.5678809403
2023-12-17 14:00:06,2205.459469510873
2023-12-17 15:00:25,2207.5391458798654
2023-12-17 16:00:06,2221.3913822802174
2023-12-17 17:00:52,2226.3868580757535
2023-12-17 18:00:41,2223.6155999515017
2023-12-17 19:00:07,2231.3674689059376
2023-12-17 20:00:51,2231.5663060456936
2023-12-17 21:00:00,2242.674093025181
2023-12-17 22:00:53,2237.0190655343445
2023-12-17 23:01:06,2218.4271409123035
2023-12-18 00:00:16,2199.5401211883855
2023-12-18 01:00:09,2195.432921550792
2023-12-18 02:00:09,2178.9180248598223
2023-12-18 03:00:18,2169.604032282815
2023-12-18 04:00:15,2172.4429924827177
2023-12-18 05:00:11,2175.420732778052
2023-12-18 06:00:31,2165.7296491419447
2023-12-18 07:00:46,2175.631472154073
2023-12-18 08:00:04,2169.601061232975
2023-12-18 09:00:28,2170.160627449946
2023-12-18 10:01:07,2157.907660552916
2023-12-18 11:00:47,2136.471560472852
2023-12-18 12:00:15,2139.185143652004
2023-12-18 13:00:31,2130.731070613669
2023-12-18 14:00:21,2157.4771879995837
2023-12-18 15:00:08,2163.890670140433
2023-12-18 16:00:57,2155.606633692214
2023-12-18 17:00:06,2161.7360179571083
2023-12-18 18:00:08,2170.083683657336
2023-12-18 19:00:48,2167.9268859788967
2023-12-18 20:00:09,2173.9605040474803
2023-12-18 21:00:28,2186.288298122619
2023-12-18 22:00:34,2211.8765964369936
2023-12-18 23:00:03,2214.25851367011
2023-12-19 00:00:37,2216.067455065684
2023-12-19 01:00:55,2212.776516276809
2023-12-19 02:00:41,2246.6795895134337
2023-12-19 03:00:40,2236.672291484535
2023-12-19 04:00:25,2236.5608901703267
2023-12-19 05:00:38,2236.8522747477023
2023-12-19 06:00:50,2242.0582623143173
2023-12-19 07:00:51,2243.5490011222237
2023-12-19 08:00:48,2247.3253114251725
2023-12-19 09:01:17,2248.4262600909597
2023-12-19 10:00:28,2245.1277458774953
2023-12-19 11:00:42,2240.53332786366
2023-12-19 12:00:00,2237.165406326593
2023-12-19 13:00:07,2232.2904905835244
2023-12-19 14:01:36,2225.667940738454
2023-12-19 15:00:41,2189.6076095888125
2023-12-19 16:00:47,2190.1440390173157
2023-12-19 17:00:15,2178.4621204754717
2023-12-19 18:00:45,2143.8200515933263
2023-12-19 19:00:30,2169.3219330535435
2023-12-19 20:01:31,2175.4346676755845
2023-12-19 21:00:02,2167.5206901939714
2023-12-19 22:00:57,2185.5281543133483
2023-12-19 23:00:20,2177.246109945614
2023-12-20 00:00:18,2176.8394126574362
2023-12-20 01:00:05,2184.3392715186073
2023-12-20 02:00:08,2173.44021396497
2023-12-20 03:01:04,2184.070696825871
2023-12-20 04:00:16,2184.4038874947387
2023-12-20 05:00:55,2216.446863746881
2023-12-20 06:00:17,2208.8962057435538
2023-12-20 07:00:23,2206.7874215660368
2023-12-20 08:00:42,2216.484480266103
2023-12-20 09:01:03,2208.7143473210213
2023-12-20 10:00:45,2211.9902785269664
2023-12-20 11:00:02,2215.7080797176995
2023-12-20 12:00:39,2213.9176442094185
2023-12-20 13:01:03,2211.6604579472314
2023-12-20 14:00:06,2244.271493781473
2023-12-20 15:00:05,2247.4998624986188
2023-12-20 16:00:45,2241.5594925772893
2023-12-20 17:01:03,2236.4406614470863
2023-12-20 18:00:51,2229.7311457862156
2023-12-20 19:00:01,2226.372678053304
2023-12-20 20:00:08,2206.808084963891
2023-12-20 21:00:31,2182.681862983482
2023-12-20 22:00:18,2177.9977496583756
2023-12-20 23:00:50,2194.328304667522
2023-12-21 00:00:56,2201.666307437379
2023-12-21 01:01:41,2193.329863165448
2023-12-21 02:00:36,2192.948422174238
2023-12-21 03:00:20,2190.457827285129
2023-12-21 04:00:23,2202.1994406808412
2023-12-21 05:00:12,2200.646369040525
2023-12-21 06:00:33,2195.777453698379
2023-12-21 07:00:12,2204.089982202438
2023-12-21 08:01:22,2213.5649049785425
2023-12-21 09:00:07,2209.666765211205
2023-12-21 10:00:37,2215.8464025953317
2023-12-21 11:00:50,2241.0843698319272
2023-12-21 12:00:48,2251.255683824252
2023-12-21 13:01:03,2259.4812426885433
2023-12-21 14:00:23,2256.158707599394
2023-12-21 15:00:30,2224.3774172561994
2023-12-21 16:00:03,2225.9282161614315
2023-12-21 17:00:31,2226.905460087118
2023-12-21 18:00:27,2230.4668258505176
2023-12-21 19:00:37,2230.4357196905967
2023-12-21 20:01:02,2223.076190048207
2023-12-21 21:00:09,2234.0004326412086
2023-12-21 22:00:16,2252.127260777544
2023-12-21 23:00:19,2240.6840360788897
2023-12-22 00:00:32,2237.6994570388374
2023-12-22 01:01:42,2242.662991697667
2023-12-22 02:00:46,2255.065095646842
2023-12-22 03:01:09,2240.4418885306254
2023-12-22 04:00:05,2247.1612565630203
2023-12-22 05:00:38,2260.163591062166
2023-12-22 06:00:11,2262.3339686481163
2023-12-22 07:00:11,2267.9954722079524
2023-12-22 08:00:01,2276.1730470954753
2023-12-22 09:00:12,2290.140481836965
2023-12-22 10:01:12,2316.4033943598574
2023-12-22 11:00:13,2303.17627902434
2023-12-22 12:00:59,2313.5461915156675
2023-12-22 13:00:56,2295.362499688238
2023-12-22 14:00:04,2307.222985011451
2023-12-22 15:00:21,2335.3717901069645
2023-12-22 16:00:15,2321.58770622946
2023-12-22 17:00:10,2315.8043728794014
2023-12-22 18:01:11,2328.865054072336
2023-12-22 19:01:33,2327.2062005700677
2023-12-22 20:00:17,2311.3701831093827
2023-12-22 21:01:26,2318.09585010409
2023-12-22 22:00:22,2317.2887534852935
2023-12-22 23:00:23,2314.1393588782125
2023-12-23 00:02:11,2325.968254060335
2023-12-23 01:01:50,2313.580657057988
2023-12-23 02:00:30,2303.696017191184
2023-12-23 03:00:32,2285.3856363599148
2023-12-23 04:00:17,2274.521995299985
2023-12-23 05:01:02,2284.7393917416634
2023-12-23 06:00:02,2289.372778861542
2023-12-23 07:00:18,2294.1503431453584
2023-12-23 08:00:06,2288.4891281780688
2023-12-23 09:00:15,2290.77849898388
2023-12-23 10:00:23,2291.0906499285893
2023-12-23 11:00:30,2287.668944422823
2023-12-23 12:00:08,2288.9191210499403
2023-12-23 13:00:37,2294.04551203854
2023-12-23 14:00:22,2295.121260591762
2023-12-23 15:00:33,2293.3291293190773
2023-12-23 16:00:11,2287.0781754435925
2023-12-23 17:00:19,2291.716500420795
2023-12-23 18:01:46,2294.5349358726253
2023-12-23 19:00:30,2304.267073635135
2023-12-23 20:00:29,2293.0978957692455
2023-12-23 21:00:02,2290.022640122019
2023-12-23 22:00:36,2290.5111276572497
2023-12-23 23:00:15,2298.237115206923
2023-12-24 00:01:01,2308.6746850342433
2023-12-24 01:00:15,2304.1817925051446
2023-12-24 02:00:40,2309.062179142021
2023-12-24 03:00:11,2313.5188809949414
2023-12-24 04:00:34,2317.170130394453
2023-12-24 05:00:41,2304.83849590648
2023-12-24 06:00:50,2284.4790569106804
2023-12-24 07:00:28,2286.374605876898
2023-12-24 08:00:49,2296.350533437226
2023-12-24 09:00:23,2292.288231267926
2023-12-24 10:00:50,2295.836466144169
2023-12-24 11:00:41,2290.1378916470835
2023-12-24 12:00:36,2289.995810898933
2023-12-24 13:00:18,2293.1208549981884
2023-12-24 14:00:36,2297.769860711392
2023-12-24 15:00:16,2289.1156943638894
2023-12-24 16:00:34,2295.6617687654757
2023-12-24 17:00:17,2298.0029553565687
2023-12-24 18:00:37,2291.487822498798
2023-12-24 19:01:03,2291.8594792915105
2023-12-24 20:00:33,2288.6699741184516
2023-12-24 21:00:49,2278.7665421707143
2023-12-24 22:00:45,2276.9248898566834
2023-12-24 23:00:35,2262.938875794531
2023-12-25 00:00:03,2264.911143671657
2023-12-25 01:00:01,2261.689487309835
2023-12-25 02:00:16,2272.4654612027175
2023-12-25 03:00:09,2273.1374590859386
2023-12-25 04:00:28,2275.8772865783735
2023-12-25 05:00:05,2279.323062188553
2023-12-25 06:00:13,2284.4995578689445
2023-12-25 07:00:15,2282.549602679515
2023-12-25 08:00:33,2280.2444226916155
2023-12-25 09:00:47,2272.8100982211704
2023-12-25 10:00:08,2274.0982291401197
2023-12-25 11:00:27,2275.4684276405364
2023-12-25 12:00:17,2280.3672236974007
2023-12-25 13:01:00,2288.2540722875806
2023-12-25 14:00:19,2288.389573162531
2023-12-25 15:00:12,2291.360902393276
2023-12-25 16:00:16,2287.1623559354566
2023-12-25 17:00:53,2274.8678381580553
2023-12-25 18:01:07,2278.51110600249
2023-12-25 19:00:25,2273.359503222222
2023-12-25 20:00:13,2277.6506629497535
2023-12-25 21:00:37,2262.9675723147366
2023-12-25 22:00:49,2273.5944725400914
2023-12-25 23:00:30,2283.349951551471
2023-12-26 00:00:46,2273.6326121146535
2023-12-26 01:00:40,2266.3753530528998
2023-12-26 02:01:16,2272.3206655667395
2023-12-26 03:00:28,2274.0025763196104
2023-12-26 04:01:14,2268.9244324016818
2023-12-26 05:00:33,2270.122232487146
2023-12-26 06:00:28,2239.172218167288
2023-12-26 07:01:31,2227.91115711645
2023-12-26 08:00:55,2241.025015396824
2023-12-26 09:00:34,2236.18122320436
2023-12-26 10:01:02,2221.8261078119426
2023-12-26 11:01:03,2238.0854372934946
2023-12-26 12:01:33,2241.1005714940748
2023-12-26 13:00:21,2244.8973655998684
2023-12-26 14:00:25,2248.2868519269914
2023-12-26 15:00:56,2240.221088085145
2023-12-26 16:01:06,2227.6831369014712
2023-12-26 17:00:35,2222.747296795692
2023-12-26 18:00:26,2194.195134649323
2023-12-26 19:00:07,2207.4083223396865
2023-12-26 20:00:49,2209.2878786348424
2023-12-26 21:01:09,2218.314902220345
2023-12-26 22:00:45,2224.10649708154
2023-12-26 23:00:41,2227.600123397278
2023-12-27 00:00:37,2231.4907077795483
2023-12-27 01:01:26,2225.9571836491823
2023-12-27 02:00:58,2230.297639832454
2023-12-27 03:00:12,2216.3600011698672
2023-12-27 04:00:36,2216.981196818676
2023-12-27 05:00:15,2223.98431832363
2023-12-27 06:01:13,2225.9403690807203
2023-12-27 07:01:02,2226.2354282454858
2023-12-27 08:00:46,2228.3017670857926
2023-12-27 09:00:31,2248.498825726169
2023-12-27 10:00:15,2251.5259253323134
2023-12-27 11:00:33,2278.2145738366294
2023-12-27 12:00:33,2284.2636323404754
2023-12-27 13:01:46,2284.1527611633505
2023-12-27 14:01:41,2294.318024307319
2023-12-27 15:00:25,2328.068920825043
2023-12-27 16:01:22,2344.38171554644
2023-12-27 17:01:00,2366.6150914284963
2023-12-27 18:00:19,2347.6366901925426
2023-12-27 19:00:16,2350.951832732802
2023-12-27 20:00:38,2346.958897945906
2023-12-27 21:00:28,2349.6508496577203
2023-12-27 22:00:26,2356.115849194097
2023-12-27 23:00:30,2364.0984097868254
2023-12-28 00:01:23,2379.934269524202
2023-12-28 01:01:12,2430.8374804999885
2023-12-28 02:00:22,2421.2570599111154
2023-12-28 03:01:18,2415.477090510185
2023-12-28 04:00:45,2415.298553907763
2023-12-28 05:00:19,2409.1370262743153
2023-12-28 06:01:11,2391.3508672735798
2023-12-28 07:00:08,2377.823058993049
2023-12-28 08:01:13,2380.563375009765
2023-12-28 09:00:11,2387.0648676167384
2023-12-28 10:00:52,2387.082768877059
2023-12-28 11:00:46,2399.721837010915
2023-12-28 12:00:43,2401.505749827439
2023-12-28 13:00:30,2381.7906739841237
2023-12-28 14:00:19,2404.5694103369237
2023-12-28 15:00:56,2364.9274220989337
2023-12-28 16:00:36,2359.318784283253
2023-12-28 17:00:10,2372.192509170469
2023-12-28 18:00:34,2363.281270357135
2023-12-28 19:00:29,2363.5662366427678
2023-12-28 20:00:41,2365.749500441139
2023-12-28 21:00:17,2355.2347761372653
2023-12-28 22:00:45,2347.0736052691655
2023-12-28 23:00:11,2355.014905514263
2023-12-29 00:00:27,2345.2607087446872
2023-12-29 01:00:19,2348.5502389900844
2023-12-29 02:01:22,2335.100711638193
2023-12-29 03:00:07,2344.2321023497952
2023-12-29 04:00:30,2352.3583400225752
2023-12-29 05:00:36,2353.5676677936012
2023-12-29 06:00:30,2355.8703495878362
2023-12-29 07:00:28,2353.7996791965156
2023-12-29 08:00:46,2337.5751749032866
2023-12-29 09:00:26,2348.491201154433
2023-12-29 10:01:00,2364.415388987851
2023-12-29 11:01:28,2367.874536748016
2023-12-29 12:00:30,2370.1514126957222
2023-12-29 13:00:29,2364.446158578846
2023-12-29 14:00:46,2363.897817310145
2023-12-29 15:00:14,2373.217491835204
2023-12-29 16:00:53,2333.0762223298475
2023-12-29 17:00:54,2301.333459064114
2023-12-29 18:00:45,2297.5694174273362
2023-12-29 19:00:29,2314.948021736971
2023-12-29 20:00:45,2320.311787410131
2023-12-29 21:00:39,2303.6560421688014
2023-12-29 22:01:12,2284.455175408941
2023-12-29 23:00:03,2282.0444717797427
2023-12-30 00:00:32,2299.5262072752594
2023-12-30 01:00:39,2303.3208766030743
2023-12-30 02:00:21,2305.9846963024643
2023-12-30 03:00:57,2293.7986343451735
2023-12-30 04:00:46,2296.3425097915197
2023-12-30 05:00:21,2301.3848769795723
2023-12-30 06:00:51,2308.181893631989
2023-12-30 07:00:02,2303.1236413584074
2023-12-30 08:00:14,2294.4512079831306
2023-12-30 09:00:24,2276.3624670604268
2023-12-30 10:01:36,2279.8336233642763
2023-12-30 11:00:06,2287.2474259700743
2023-12-30 12:00:38,2287.8164213003624
2023-12-30 13:00:14,2290.873427871093
2023-12-30 14:00:41,2289.8614110241315
2023-12-30 15:00:21,2298.078533001335
2023-12-30 16:01:09,2314.596634491335
2023-12-30 17:00:20,2312.2979428594617
2023-12-30 18:00:27,2310.0862238976333
2023-12-30 19:00:18,2302.6925689717086
2023-12-30 20:01:01,2297.2422340203752
2023-12-30 21:00:21,2300.17864212582
2023-12-30 22:01:22,2301.4033596791583
2023-12-30 23:02:02,2288.156794247874
2023-12-31 00:00:36,2292.4279356060324
2023-12-31 01:01:09,2300.7761402786778
2023-12-31 02:01:11,2289.7700513963864
2023-12-31 03:01:33,2284.213095237108
2023-12-31 04:00:22,2283.0403036344997
2023-12-31 05:01:18,2281.454616295586
2023-12-31 06:01:10,2283.410778060314
2023-12-31 07:00:50,2285.068841732537
2023-12-31 08:00:38,2296.063267658781
2023-12-31 09:01:16,2295.4561329900007
2023-12-31 10:01:16,2312.1797011381373
2023-12-31 11:00:21,2309.2560940585263
2023-12-31 12:00:07,2310.1614312848747
2023-12-31 13:00:31,2311.8183045261667
2023-12-31 14:01:13,2303.8288293831815
2023-12-31 15:00:57,2302.2273136696754
2023-12-31 16:00:28,2298.8626878157315
2023-12-31 17:00:26,2304.9783431098667
2023-12-31 18:00:43,2298.8461358368054
2023-12-31 19:01:13,2302.5564144376913
2023-12-31 20:00:13,2295.347570560173
2023-12-31 21:00:34,2280.8825624284136
2023-12-31 22:01:22,2284.271266115607
2023-12-31 23:00:41,2277.899137078756
2024-01-01 00:00:39,2281.6742859295978
2024-01-01 01:00:45,2296.584966390755
2024-01-01 02:00:40,2299.930925443708
2024-01-01 03:00:41,2293.858253119864
2024-01-01 04:00:15,2273.429447450894
2024-01-01 05:00:32,2277.9733886039917
2024-01-01 06:01:16,2276.371441812791
2024-01-01 07:01:10,2282.19017814769
2024-01-01 08:00:05,2284.5636439469695
2024-01-01 09:00:57,2283.9821727462754
2024-01-01 10:00:06,2297.8457272313635
2024-01-01 11:00:43,2300.9900142458446
2024-01-01 12:00:17,2303.7023613099946
2024-01-01 13:00:17,2300.1892053191864
2024-01-01 14:00:58,2305.7658702370863
2024-01-01 15:00:44,2300.5543804519293
2024-01-01 16:00:40,2315.0661927226834
2024-01-01 17:00:13,2309.015863581227
2024-01-01 18:00:43,2314.694364204498
2024-01-01 19:00:27,2326.1705132715774
2024-01-01 20:00:10,2337.074231748019
2024-01-01 21:01:03,2336.981016843243
2024-01-01 22:00:25,2338.869026148291
2024-01-01 23:00:01,2331.650673352903
2024-01-02 00:00:08,2350.0262860085095
2024-01-02 01:00:20,2396.1307018888183
2024-01-02 02:01:03,2375.5526791840566
2024-01-02 03:00:40,2381.002608949071
2024-01-02 04:02:03,2391.5330822763954
2024-01-02 05:00:52,2386.1641014024794
2024-01-02 06:00:49,2378.9601883639316
2024-01-02 07:00:56,2377.242625678844
2024-01-02 08:00:12,2385.958273040215
2024-01-02 09:00:34,2434.4472747134187
2024-01-02 10:00:28,2416.566663347346
2024-01-02 11:00:57,2401.2267191485666
2024-01-02 12:00:12,2394.331710676694
2024-01-02 13:00:22,2385.259600575722
2024-01-02 14:01:08,2397.540187324396
2024-01-02 15:01:05,2373.45550699865
2024-01-02 16:00:34,2357.6915867376065
2024-01-02 17:00:18,2368.3236468378664
2024-01-02 18:01:00,2356.993943536344
2024-01-02 19:00:06,2366.3672860529355
2024-01-02 20:01:07,2365.5645182736416
2024-01-02 21:00:46,2363.257975421782
2024-01-02 22:01:40,2367.311067934996
2024-01-02 23:00:11,2360.3507044466614
2024-01-03 00:00:52,2356.163473067163
2024-01-03 01:01:02,2364.6372406350215
2024-01-03 02:00:05,2372.964720499587
2024-01-03 03:00:36,2370.9224284666175
2024-01-03 04:00:31,2370.320736442477
2024-01-03 05:00:25,2367.3344235902446
2024-01-03 06:00:48,2376.2353290431993
2024-01-03 07:01:15,2380.718988609708
2024-01-03 08:00:05,2363.3886532204415
2024-01-03 09:01:06,2375.8069782438333
2024-01-03 10:02:20,2375.113656215793
2024-01-03 11:01:35,2368.0627005334773
2024-01-03 12:00:17,2303.210836144689
2024-01-03 13:00:04,2227.0630351332684
2024-01-03 14:01:46,2216.166243224054
2024-01-03 15:00:56,2196.090751022482
2024-01-03 16:00:47,2243.8998300496987
2024-01-03 17:00:59,2232.7028427038485
2024-01-03 18:01:30,2224.234584617578
2024-01-03 19:02:26,2187.2886580000213
2024-01-03 20:00:34,2205.5284143092763
2024-01-03 21:00:38,2221.4006146250645
2024-01-03 22:00:39,2224.6145812568366
2024-01-03 23:00:06,2211.5279772227846
2024-01-04 00:01:40,2211.1708278638766
2024-01-04 01:01:21,2213.28412744355
2024-01-04 02:01:32,2207.5476999046246
2024-01-04 03:01:05,2234.341625824593
2024-01-04 04:01:16,2230.700702599558
2024-01-04 05:01:24,2239.577979090405
2024-01-04 06:00:35,2239.468043619927
2024-01-04 07:00:33,2238.8910548618924
2024-01-04 08:01:03,2220.813997161622
2024-01-04 09:01:12,2217.4992964540556
2024-01-04 10:01:03,2227.0923318972373
2024-01-04 11:02:56,2223.753460023984
2024-01-04 12:01:40,2228.598394832849
2024-01-04 13:02:33,2239.2863739446107
2024-01-04 14:00:34,2242.852379557555
2024-01-04 15:00:01,2262.4705764581145
2024-01-04 16:01:25,2277.901951959432
2024-01-04 17:00:18,2270.8280579313464
2024-01-04 18:00:36,2280.683434516289
2024-01-04 19:00:58,2277.0084739833524
2024-01-04 20:01:41,2277.0309615281267
2024-01-04 21:01:06,2275.2747795702403
2024-01-04 22:00:59,2276.285400427171
2024-01-04 23:00:59,2271.7851464150426
2024-01-05 00:00:44,2269.9165540678027
2024-01-05 01:00:59,2270.8380742152262
2024-01-05 02:00:17,2238.409535760877
2024-01-05 03:00:05,2244.1721619287027
2024-01-05 04:01:02,2244.5557342378765
2024-01-05 05:00:43,2245.698852795212
2024-01-05 06:00:13,2248.4576119690787
2024-01-05 07:00:34,2256.1781968878645
2024-01-05 08:01:00,2255.325258189906
2024-01-05 09:00:59,2253.2697813253562
2024-01-05 10:01:05,2265.295465628796
2024-01-05 11:01:09,2241.962998306547
2024-01-05 12:00:48,2242.678702235524
2024-01-05 13:00:24,2244.185271971247
2024-01-05 14:01:34,2249.174787873036
2024-01-05 15:01:04,2233.959051149685
2024-01-05 16:02:43,2222.986305056401
2024-01-05 17:00:46,2217.27536514052
2024-01-05 18:01:20,2234.095377775099
2024-01-05 19:00:21,2235.916881412559
2024-01-05 20:00:13,2237.5473525324683
2024-01-05 21:01:30,2247.962703085972
2024-01-05 22:01:56,2248.281790772088
2024-01-05 23:00:43,2247.773745994361
2024-01-06 00:01:56,2266.7776290853494
2024-01-06 01:02:56,2265.3514911752886
2024-01-06 02:00:07,2257.730068410395
2024-01-06 03:01:45,2257.6633024447347
2024-01-06 04:00:27,2254.266424919754
2024-01-06 05:00:42,2250.671914162754
2024-01-06 06:01:35,2237.7039572574404
2024-01-06 07:00:49,2220.151459068729
2024-01-06 08:01:07,2234.1766040061543
2024-01-06 09:01:04,2237.106622928525
2024-01-06 10:02:20,2234.723741887897
2024-01-06 11:00:24,2236.5481635450137
2024-01-06 12:01:26,2237.6255841059324
2024-01-06 13:00:12,2233.022681662024
2024-01-06 14:01:05,2237.514245796501
2024-01-06 15:02:17,2242.0016442909027
2024-01-06 16:01:07,2247.0932792330045
2024-01-06 17:00:25,2246.2692194546767
2024-01-06 18:00:38,2251.2147379059447
2024-01-06 19:00:15,2250.824631501755
2024-01-06 20:01:36,2246.4491668037226
2024-01-06 21:00:42,2242.2393957192703
2024-01-06 22:01:24,2242.31427162901
2024-01-06 23:01:14,2237.4137128405346
2024-01-07 00:02:13,2242.821756964071
2024-01-07 01:00:01,2250.47972508575
2024-01-07 02:00:25,2245.296199101553
2024-01-07 03:00:36,2242.385445850054
2024-01-07 04:00:52,2242.714305386479
2024-01-07 05:00:57,2249.281459603343
2024-01-07 06:00:43,2246.823643768928
2024-01-07 07:01:25,2250.3391987554073
2024-01-07 08:01:37,2248.9019013325833
2024-01-07 09:01:40,2240.8325582086013
2024-01-07 10:00:40,2235.8281346930185
2024-01-07 11:01:27,2238.611952160083
2024-01-07 12:02:06,2238.750326069671
2024-01-07 13:01:51,2238.7636722570824
2024-01-07 14:02:02,2252.8924963755508
2024-01-07 15:02:04,2249.128844030148
2024-01-07 16:00:09,2231.017035821566
2024-01-07 17:00:00,2225.4428158448445
2024-01-07 18:01:58,2242.986390181129
2024-01-07 19:00:26,2243.962670707552
2024-01-07 20:00:57,2249.3097382323717
2024-01-07 21:00:47,2242.883246009567
2024-01-07 22:02:45,2240.611916027458
2024-01-07 23:01:01,2218.569000846029
2024-01-08 00:00:43,2222.972370495866
2024-01-08 01:01:31,2200.0134323795537
2024-01-08 02:03:16,2207.431212733053
2024-01-08 03:01:31,2184.620691532961
2024-01-08 04:02:00,2190.4224858124385
2024-01-08 05:00:23,2196.9468952187485
2024-01-08 06:02:05,2196.869952041041
2024-01-08 07:00:32,2214.458395167252
2024-01-08 08:00:49,2226.93676391678
2024-01-08 09:01:22,2221.7437336543458
2024-01-08 10:01:10,2206.821818179335
2024-01-08 11:00:48,2229.3670239168828
2024-01-08 12:01:30,2239.441700150707
2024-01-08 13:00:18,2265.306837244729
2024-01-08 14:01:43,2268.611767961071
2024-01-08 15:00:47,2261.6968782416043
2024-01-08 16:02:53,2275.2280342804656
2024-01-08 17:01:51,2267.3546188259747
2024-01-08 18:00:01,2297.14780057344
2024-01-08 19:00:30,2340.3458360328386
2024-01-08 20:00:56,2354.1768553551065
2024-01-08 21:01:21,2341.0281332501722
2024-01-08 22:00:29,2340.3095053303173
2024-01-08 23:01:14,2337.460981803049
2024-01-09 00:01:44,2333.5855494576585
2024-01-09 01:00:51,2310.0404122194464
2024-01-09 02:01:28,2309.01309525663
2024-01-09 03:01:22,2314.6731934928507
2024-01-09 04:02:24,2313.543668302917
2024-01-09 05:01:49,2316.2101571315006
2024-01-09 06:01:35,2308.050225418519
2024-01-09 07:00:36,2303.6334245403136
2024-01-09 08:01:37,2306.6134111090837
2024-01-09 09:00:34,2294.8209745624154
2024-01-09 11:01:34,2292.4428156292506
2024-01-09 12:00:57,2297.5287479884587
2024-01-09 13:00:10,2284.568886822341
2024-01-09 14:00:30,2272.5157388390853
2024-01-09 15:01:03,2251.8806688103623
2024-01-09 16:00:36,2261.026126256047
2024-01-09 17:00:23,2266.8889756893514
2024-01-09 18:00:27,2266.473742042156
2024-01-09 19:00:11,2275.1295904247827
2024-01-09 20:02:09,2268.7138966101925
2024-01-09 21:02:32,2247.79948877394
2024-01-09 22:00:48,2310.0915682037876
2024-01-09 23:01:57,2345.1046762514366
2024-01-10 00:01:37,2344.8384843284516
2024-01-10 01:02:10,2391.508578190848
2024-01-10 02:00:45,2377.155574197006
2024-01-10 03:01:45,2345.0772827862324
2024-01-10 04:00:39,2363.6044451206308
2024-01-10 05:00:52,2379.0063209465898
2024-01-10 06:00:19,2387.1989730119462
2024-01-10 07:01:42,2379.793265011292
2024-01-10 08:00:23,2370.0388834049677
2024-01-10 09:00:24,2357.415858539224
2024-01-10 10:00:11,2419.7995908636594
2024-01-10 11:01:36,2403.8288432068566
2024-01-10 12:01:20,2399.145945199095
2024-01-10 13:02:16,2355.789772584678
2024-01-10 14:01:56,2379.9741459749202
2024-01-10 15:04:48,2384.371801491406
2024-01-10 16:01:07,2448.6153480690014
2024-01-10 17:00:28,2411.370516996884
2024-01-10 18:01:08,2442.946645389176
2024-01-10 19:01:34,2435.98966624494
2024-01-10 20:02:24,2478.8083436070033
2024-01-10 21:00:07,2489.558192277781
2024-01-10 22:02:12,2518.795890758254
2024-01-10 23:01:04,2550.2057138569285
2024-01-11 00:00:19,2588.769163919145
2024-01-11 01:00:08,2605.2642928935647
2024-01-11 02:01:06,2570.5215746056933
2024-01-11 03:00:00,2583.9216111850824
2024-01-11 04:00:48,2603.358278085293
2024-01-11 05:01:29,2614.2066578620374
2024-01-11 06:00:48,2595.99401778962
2024-01-11 07:00:04,2578.3331241146366
2024-01-11 08:02:15,2589.0299943723244
2024-01-11 09:01:39,2612.248830424927
2024-01-11 10:01:48,2609.5743758894355
2024-01-11 11:01:06,2637.459838877139
2024-01-11 12:01:41,2660.8127566598214
2024-01-11 13:01:19,2653.026740053613
2024-01-11 14:01:35,2639.2528249456923
2024-01-11 15:03:28,2671.095233861561
2024-01-11 16:00:35,2609.911413264678
2024-01-11 17:01:10,2584.914571489262
2024-01-11 18:02:01,2596.2133200529925
2024-01-11 19:01:57,2614.298193167195
2024-01-11 20:01:27,2620.9115333422014
2024-01-11 21:01:09,2583.9337261890983
2024-01-11 22:01:27,2599.763593934987
2024-01-11 23:00:20,2616.377616911861
2024-01-12 00:01:22,2619.033100193127
2024-01-12 01:00:26,2598.8192236016343
2024-01-12 02:00:42,2593.4882360059414
2024-01-12 03:00:49,2606.785029809737
2024-01-12 04:01:00,2594.289374869308
2024-01-12 05:01:27,2591.9440814076697
2024-01-12 06:03:02,2608.3777465783
2024-01-12 07:00:30,2616.888298681178
2024-01-12 08:01:10,2597.384982510031
2024-01-12 09:01:11,2604.8865223027797
2024-01-12 10:00:38,2612.345097645699
2024-01-12 11:00:55,2621.2198153953027
2024-01-12 12:02:08,2646.8765818322327
2024-01-12 13:02:23,2653.114924513527
2024-01-12 14:00:25,2676.286020621654
2024-01-12 15:00:50,2698.4293169118773
2024-01-12 16:02:23,2646.4618792170318
2024-01-12 17:02:29,2618.4868998160864
2024-01-12 18:02:19,2589.431884876554
2024-01-12 19:03:23,2597.5592540140915
2024-01-12 20:00:20,2581.9710381320733
2024-01-12 21:00:45,2564.842703575768
2024-01-12 22:01:43,2523.1174762270703
2024-01-12 23:01:44,2501.5397652869815
2024-01-13 00:01:45,2521.938788611485
2024-01-13 01:01:55,2519.3486774071707
2024-01-13 02:02:05,2520.365893918244
2024-01-13 03:01:53,2549.460563031426
2024-01-13 04:02:06,2548.1434762427098
2024-01-13 05:02:00,2545.440404745709
2024-01-13 06:00:22,2552.465562920644
2024-01-13 07:00:43,2552.1144558266265
2024-01-13 08:00:27,2551.771016615866
2024-01-13 09:01:15,2559.8555692095056
2024-01-13 10:01:20,2541.9416146465633
2024-01-13 11:00:53,2533.940611986419
2024-01-13 12:00:23,2544.4585146664876
2024-01-13 13:02:13,2546.0159841052405
2024-01-13 14:00:33,2540.784964683002
2024-01-13 15:00:20,2536.734628672163
2024-01-13 16:01:27,2558.669263885944
2024-01-13 17:01:03,2556.406781879237
2024-01-13 18:00:19,2555.972856190318
2024-01-13 19:02:24,2562.1540846874177
2024-01-13 20:00:38,2571.3308829768616
2024-01-13 21:00:28,2571.782845931513
2024-01-13 22:00:51,2571.7087187792636
2024-01-13 23:00:57,2575.1703751206364
2024-01-14 00:01:01,2577.5308138752603
2024-01-14 01:02:01,2565.63822642304
2024-01-14 02:01:27,2567.3971657127126
2024-01-14 03:01:26,2561.7000308902466
2024-01-14 04:00:47,2550.7426016799086
2024-01-14 05:01:45,2543.6258818292063
2024-01-14 06:01:52,2549.4266178558664
2024-01-14 07:01:41,2554.1399243587193
2024-01-14 08:01:33,2547.9810733289532
2024-01-14 09:01:54,2552.278212491105
2024-01-14 10:00:31,2544.461084326591
2024-01-14 11:00:31,2540.809370908059
2024-01-14 12:02:25,2537.2098200429355
2024-01-14 13:01:55,2537.0644202248154
2024-01-14 14:01:18,2537.2861658639176
2024-01-14 15:00:51,2537.726640909105
2024-01-14 16:01:28,2539.189689983797
2024-01-14 17:02:19,2525.2913276383115
2024-01-14 18:00:25,2533.2013088162553
2024-01-14 19:01:11,2531.011550443044
2024-01-14 20:00:15,2500.925387990287
2024-01-14 21:01:09,2508.6890792464683
2024-01-14 22:00:35,2521.6844904158443
2024-01-14 23:00:42,2508.933559702431
2024-01-15 00:00:40,2475.1191894020144
2024-01-15 01:00:32,2496.332833858652
2024-01-15 02:02:53,2503.536443834753
2024-01-15 03:01:47,2502.251605648674
2024-01-15 04:00:20,2503.033689527133
2024-01-15 05:01:03,2509.03360212165
2024-01-15 06:01:06,2520.268800590367
2024-01-15 07:00:54,2511.790370506328
2024-01-15 08:03:47,2513.0283311118656
2024-01-15 09:00:59,2512.8603179739216
2024-01-15 10:01:54,2528.8993829134242
2024-01-15 11:01:21,2529.723088537456
2024-01-15 12:01:28,2540.8311325173304
2024-01-15 13:00:44,2539.327145389027
2024-01-15 14:01:48,2542.917114849404
2024-01-15 15:00:46,2511.24193695521
2024-01-15 16:02:03,2515.8450551255014
2024-01-15 17:00:17,2525.2913011884602
2024-01-15 18:00:04,2532.8974427400035
2024-01-15 19:01:49,2536.2899272694126
2024-01-15 20:00:02,2537.8733500832877
2024-01-15 21:02:37,2524.632658420814
2024-01-15 22:01:02,2522.2215343722096
2024-01-15 23:03:25,2511.0931307517203
2024-01-16 00:01:25,2515.3199803936955
2024-01-16 01:00:41,2505.89253569221
2024-01-16 02:02:19,2512.603728752788
2024-01-16 03:00:49,2518.177504536319
2024-01-16 04:00:11,2533.613569779187
2024-01-16 05:00:20,2528.573530101456
2024-01-16 06:01:58,2532.9598623236175
2024-01-16 07:01:34,2531.109578830067
2024-01-16 08:02:48,2529.146548865388
2024-01-16 09:03:06,2542.7759989226483
2024-01-16 10:05:03,2538.0579212679463
2024-01-16 11:01:41,2533.560630227442
2024-01-16 12:01:15,2528.179359257233
2024-01-16 13:01:17,2546.4896630883386
2024-01-16 14:00:28,2525.663752392692
2024-01-16 15:00:22,2530.9260615787302
2024-01-16 16:01:16,2561.287783107783
2024-01-16 17:01:40,2571.152628698408
2024-01-16 18:01:45,2563.7555518228833
2024-01-16 19:01:37,2558.9541886314328
2024-01-16 20:01:40,2573.478028015643
2024-01-16 21:01:34,2584.271014730785
2024-01-16 22:01:34,2605.389792139886
2024-01-16 23:01:29,2593.9310705642956
2024-01-17 00:01:34,2588.765271230386
2024-01-17 01:01:21,2588.2449121100076
2024-01-17 02:01:38,2579.2712491243165
2024-01-17 03:01:32,2575.910877978787
2024-01-17 04:02:18,2570.097121035063
2024-01-17 05:02:33,2566.412062024603
2024-01-17 06:06:34,2563.162121941906
2024-01-17 07:06:31,2562.715869086669
2024-01-17 08:02:25,2555.1470325447663
2024-01-17 09:01:56,2545.1180231025296
2024-01-17 10:01:55,2541.2175628531145
2024-01-17 11:00:55,2549.733220917185
2024-01-17 12:00:10,2540.454860155977
2024-01-17 13:01:38,2552.8140935121914
2024-01-17 14:01:46,2543.482701056945
2024-01-17 15:02:05,2558.5703737440554
2024-01-17 16:01:47,2536.7770742540456
2024-01-17 17:01:52,2531.9656078822554
2024-01-17 18:01:59,2531.888599068543
2024-01-17 19:01:52,2530.6520935135136
2024-01-17 20:01:56,2534.7905616967046
2024-01-17 21:01:55,2526.783487872623
2024-01-17 22:01:57,2524.260690972554
2024-01-17 23:01:50,2528.1962621685047
2024-01-18 00:01:56,2529.58504762201
2024-01-18 01:01:43,2525.861313842363
2024-01-18 02:01:39,2520.3962603965874
2024-01-18 03:00:49,2524.769869964793
2024-01-18 04:01:01,2527.819394830544
2024-01-18 05:00:54,2528.6215437721094
2024-01-18 06:00:59,2528.1779789753355
2024-01-18 07:01:03,2529.3069789454958
2024-01-18 08:00:58,2535.2030280378367
2024-01-18 09:00:26,2535.61847902588
2024-01-18 10:01:32,2535.5815629876183
2024-01-18 11:01:41,2514.8315792615244
2024-01-18 12:01:47,2518.0563875536527
2024-01-18 13:01:35,2507.868535506236
2024-01-18 14:01:45,2516.3917817759757
2024-01-18 15:01:44,2531.088370923459
2024-01-18 16:01:44,2525.643856886751
2024-01-18 17:01:36,2484.250077940569
2024-01-18 18:01:47,2484.7272110414933
2024-01-18 19:01:43,2463.288467681287
2024-01-18 20:01:41,2428.779568906372
2024-01-18 21:01:45,2441.905500549389
2024-01-18 22:01:41,2453.4706705016997
2024-01-18 23:01:30,2472.0605887184906
2024-01-19 00:01:41,2467.5277897669325
2024-01-19 01:01:34,2466.8732282235746
2024-01-19 02:00:54,2463.823844882412
2024-01-19 03:00:56,2453.3634883706804
2024-01-19 04:00:37,2459.5507573896048
2024-01-19 05:01:55,2458.619956530382
2024-01-19 06:01:36,2461.853822164663
2024-01-19 07:01:54,2473.8405616622167
2024-01-19 08:01:41,2463.183875432864
2024-01-19 09:00:14,2472.12289916259
2024-01-19 10:00:10,2479.5919025078156
2024-01-19 11:02:08,2488.2523651841607
2024-01-19 12:02:16,2489.5019324802392
2024-01-19 13:02:11,2484.363797214181
2024-01-19 14:02:10,2494.1035687860103
2024-01-19 15:02:22,2475.517317442693
2024-01-19 16:02:12,2463.169653405328
2024-01-19 17:02:14,2427.233852316416
2024-01-19 18:02:21,2469.5894464296603
2024-01-19 19:02:09,2493.451577333074
2024-01-19 20:02:15,2490.281986651825
2024-01-19 21:02:13,2478.4509829981207
2024-01-19 22:02:02,2488.5342554404174
2024-01-19 23:01:59,2488.4124789289613
2024-01-20 00:02:10,2490.6457726081267
2024-01-20 01:02:08,2476.8490271893183
2024-01-20 02:01:57,2486.639363093728
2024-01-20 03:02:13,2483.5498701538404
2024-01-20 04:02:21,2480.741022870995
2024-01-20 05:02:16,2480.46401380899
2024-01-20 06:02:07,2477.425469374702
2024-01-20 07:02:06,2480.497691633269
2024-01-20 08:02:10,2477.2618802255383
2024-01-20 09:01:58,2474.194217499731
2024-01-20 10:02:07,2463.5863670811577
2024-01-20 11:00:09,2467.193537835158
2024-01-20 12:00:08,2469.5055346647505
2024-01-20 13:00:12,2469.918929107763
2024-01-20 14:00:10,2469.4744949995784
2024-01-20 15:00:17,2464.6295244389216
2024-01-20 16:00:07,2462.71782555462
2024-01-20 17:00:10,2462.0062200312404
2024-01-20 18:00:16,2463.657640503403
2024-01-20 19:00:11,2455.8583048284568
2024-01-20 20:00:09,2458.880175779944
2024-01-20 21:00:04,2463.027082172099
2024-01-20 22:00:07,2463.5565532401797
2024-01-20 23:00:07,2471.189951183962
2024-01-21 00:00:08,2470.2636151036777
2024-01-21 01:00:09,2463.955205185284
2024-01-21 02:00:17,2466.321498514523
2024-01-21 03:00:08,2474.5016451912174
2024-01-21 04:00:44,2473.485583230391
2024-01-21 05:00:42,2472.736299880229
2024-01-21 06:00:36,2471.088993878451
2024-01-21 07:00:31,2468.0877086631904
2024-01-21 08:00:36,2472.311910391069
2024-01-21 09:00:57,2471.7421959171857
2024-01-21 10:00:09,2474.624839938947
2024-01-21 11:00:08,2479.3105734980913
2024-01-21 12:00:17,2471.8424677494363
2024-01-21 13:00:16,2470.243627694301
2024-01-21 14:00:14,2479.297301962837
2024-01-21 15:02:31,2476.3670583114585
2024-01-21 16:01:06,2467.384450384691
2024-01-21 17:00:57,2468.8063028589063
2024-01-21 18:01:08,2473.8011442968655
2024-01-21 19:01:11,2473.2245213806996
2024-01-21 20:01:06,2472.355943697184
2024-01-21 21:01:07,2466.5748537635377
2024-01-21 22:01:07,2472.4486789895413
2024-01-21 23:01:08,2459.8894246462946
2024-01-22 00:01:09,2453.8473709584323
2024-01-22 01:01:11,2459.483910729573
2024-01-22 02:00:59,2437.7993138155607
2024-01-22 03:01:08,2436.2724816796385
2024-01-22 04:00:39,2435.537758035515
2024-01-22 05:02:51,2412.7923695203026
2024-01-22 06:00:59,2424.2467771287893
2024-01-22 07:00:20,2429.9235244943325
2024-01-22 08:01:35,2421.1023049996143
2024-01-22 09:01:03,2407.966909252406
2024-01-22 10:01:44,2386.778113055197
2024-01-22 11:03:22,2375.5484567065514
2024-01-22 12:03:10,2386.3302085051073
2024-01-22 13:04:36,2373.7205718326613
2024-01-22 14:03:02,2386.143269471601
2024-01-22 15:06:31,2368.9471397619
2024-01-22 16:01:07,2376.12406210813
2024-01-22 17:01:20,2364.5643907968406
2024-01-22 18:01:03,2373.4231234680497
2024-01-22 19:01:23,2367.926192690523
2024-01-22 20:01:29,2320.542194172898
2024-01-22 21:01:19,2337.855447112483
2024-01-22 22:01:19,2324.2503140651474
2024-01-22 23:01:20,2317.671077300762
2024-01-23 00:01:28,2311.962844455903
2024-01-23 01:03:35,2324.3690101075927
2024-01-23 02:01:22,2331.9404368970186
2024-01-23 03:00:34,2336.337293027755
2024-01-23 04:00:49,2336.7772938020194
2024-01-23 05:00:54,2342.332928745065
2024-01-23 06:00:49,2346.1926384087215
2024-01-23 07:01:14,2344.4008847079617
2024-01-23 08:00:59,2319.9793006772866
2024-01-23 09:03:12,2292.277716141404
2024-01-23 10:02:24,2223.483181389592
2024-01-23 11:01:45,2222.216056323592
2024-01-23 12:00:49,2212.7392442667233
2024-01-23 13:00:38,2223.1757867197393
2024-01-23 14:07:40,2186.349064986932
2024-01-23 15:01:01,2191.095090215795
2024-01-23 16:00:13,2213.623002319061
2024-01-23 17:00:14,2211.3353615280016
2024-01-23 18:00:12,2207.5825104705114
2024-01-23 19:00:09,2198.2614000362987
2024-01-23 20:00:09,2186.77018754589
2024-01-23 21:00:14,2189.563556976428
2024-01-23 22:00:08,2202.4675958736198
2024-01-23 23:00:13,2224.083915800328
2024-01-24 00:00:11,2241.942776155338
2024-01-24 01:00:08,2247.5094091135697
2024-01-24 02:04:24,2220.6417319064594
2024-01-24 03:02:47,2221.7724474647002
2024-01-24 04:01:17,2212.1270902726533
2024-01-24 05:00:12,2213.1610048254474
2024-01-24 06:03:57,2227.3763110839423
2024-01-24 07:00:23,2230.7215769502773
2024-01-24 08:01:18,2233.7595818020627
2024-01-24 09:00:45,2236.7778627263483
2024-01-24 10:01:11,2237.7009003935573
2024-01-24 11:03:29,2256.9147823217036
2024-01-24 12:00:45,2242.6643317170797
2024-01-24 13:01:20,2233.027688578117
2024-01-24 14:01:36,2226.499248267443
2024-01-24 15:01:35,2223.8704906359203
2024-01-24 16:01:26,2234.418638075775
2024-01-24 17:01:36,2243.8887869199702
2024-01-24 18:01:39,2233.7131703250298
2024-01-24 19:01:35,2213.8979675286787
2024-01-24 20:01:29,2215.157168795736
2024-01-24 21:01:39,2197.528047333072
2024-01-24 22:01:36,2214.243818965403
2024-01-24 23:01:28,2221.5823261327437
2024-01-25 00:01:33,2233.0811088766286
2024-01-25 01:01:33,2233.1167513989253
2024-01-25 02:01:20,2213.012447979385
2024-01-25 03:01:21,2207.037003953935
2024-01-25 04:00:50,2215.2907455370478
2024-01-25 05:01:01,2211.209269675215
2024-01-25 06:01:54,2209.7794154513795
2024-01-25 07:01:32,2224.32783670689
2024-01-25 08:01:30,2225.520457308365
2024-01-25 09:00:14,2223.3280332490867
2024-01-25 10:00:37,2221.039961655407
2024-01-25 11:05:34,2237.7611374391317
2024-01-25 12:01:17,2229.770791289878
2024-01-25 13:01:38,2208.50193509948
2024-01-25 14:00:09,2206.2289047084087
2024-01-25 15:00:16,2208.7514946137853
2024-01-25 16:00:31,2186.2367880232578
2024-01-25 17:00:39,2186.4980309470525
2024-01-25 18:00:38,2200.8431097389384
2024-01-25 19:00:06,2209.841298919113
2024-01-25 20:00:21,2218.670127454439
2024-01-25 21:00:01,2215.308248713407
2024-01-25 22:00:05,2217.8213462689623
2024-01-25 23:00:05,2220.7500588324747
2024-01-26 00:00:31,2217.3460805976865
2024-01-26 01:00:45,2213.742937228607
2024-01-26 02:00:21,2222.0004207343095
2024-01-26 03:00:25,2226.5457861842287
2024-01-26 04:00:29,2220.9253188028147
2024-01-26 05:00:44,2223.874208166994
2024-01-26 06:00:24,2220.8841161488635
2024-01-26 07:00:43,2211.83902082093
2024-01-26 08:00:26,2197.616103793879
2024-01-26 09:00:38,2209.8254779326794
2024-01-26 10:00:23,2218.0662392649206
2024-01-26 11:00:01,2234.6075811878595
2024-01-26 12:00:11,2255.619950642834
2024-01-26 13:00:19,2246.3367674240994
2024-01-26 14:00:17,2239.8372221374243
2024-01-26 15:00:18,2254.818673072071
2024-01-26 16:00:17,2260.9281622612093
2024-01-26 17:00:13,2276.964698175382
2024-01-26 18:00:21,2268.6540802229124
2024-01-26 19:00:34,2263.6902030235715
2024-01-26 20:00:02,2257.504759488708
2024-01-26 21:00:09,2256.727281296557
2024-01-26 22:00:34,2258.8996451343146
2024-01-26 23:00:24,2266.1983532954114
2024-01-27 00:00:01,2267.271707078913
2024-01-27 01:00:16,2279.123872201125
2024-01-27 02:00:25,2270.676961505163
2024-01-27 03:00:20,2275.051327908884
2024-01-27 04:00:28,2273.738446599637
2024-01-27 05:00:23,2273.791968051594
2024-01-27 06:00:29,2263.0155938282983
2024-01-27 07:00:27,2264.809377142334
2024-01-27 08:00:38,2256.4616797239105
2024-01-27 09:00:30,2249.926569982382
2024-01-27 10:00:25,2265.3673963925567
2024-01-27 11:00:28,2263.6958915844416
2024-01-27 12:00:25,2265.718880333074
2024-01-27 13:00:25,2263.2309326183963
2024-01-27 14:00:19,2266.786993353773
2024-01-27 15:00:24,2268.9177691870873
2024-01-27 16:00:32,2268.9905997553333
2024-01-27 17:00:23,2265.8169071819184
2024-01-27 18:00:27,2264.8477812810843
2024-01-27 19:00:31,2267.609630855122
2024-01-27 20:00:37,2272.9433474134566
2024-01-27 21:00:21,2272.030768952927
2024-01-27 22:00:46,2271.938981303398
2024-01-27 23:00:29,2265.5475597818368
2024-01-28 00:00:22,2267.907851752534
2024-01-28 01:00:18,2266.0667585347046
2024-01-28 02:00:07,2278.5815292239868
2024-01-28 03:00:32,2279.065217477438
2024-01-28 04:00:36,2287.6324180301654
2024-01-28 05:00:06,2298.790083274852
2024-01-28 06:00:20,2291.839515406801
2024-01-28 07:00:30,2288.4519938044987
2024-01-28 08:00:01,2283.700480930413
2024-01-28 09:00:16,2285.4684093696433
2024-01-28 10:00:30,2295.2377166804167
2024-01-28 11:00:24,2293.106751286734
2024-01-28 12:00:16,2280.8938542494675
2024-01-28 13:00:30,2277.986799153813
2024-01-28 14:00:37,2278.6623116564397
2024-01-28 15:00:20,2266.639937530257
2024-01-28 16:00:39,2269.038283136563
2024-01-28 17:00:25,2274.607612043889
2024-01-28 18:00:40,2269.926193884798
2024-01-28 19:00:18,2261.119345608755
2024-01-28 20:00:35,2251.7063950653715
2024-01-28 21:00:25,2262.981458733059
2024-01-28 22:00:24,2264.1329588982503
2024-01-28 23:00:36,2251.0718973986477
2024-01-29 00:00:03,2257.0544646456055
2024-01-29 01:00:29,2257.4950700804056
2024-01-29 02:00:27,2264.732393592597
2024-01-29 03:00:33,2267.341136694343
2024-01-29 04:00:35,2271.930061926149
2024-01-29 05:00:10,2267.2322265103835
2024-01-29 06:00:13,2263.683275636693
2024-01-29 07:00:06,2265.9608654511126
2024-01-29 08:00:18,2258.645238334679
2024-01-29 09:01:14,2263.3265640195914
2024-01-29 10:00:26,2271.643056386694
2024-01-29 11:00:58,2272.813734368559
2024-01-29 12:00:33,2261.980139771033
2024-01-29 13:00:14,2256.232016767441
2024-01-29 14:00:39,2244.303425602471
2024-01-29 15:00:27,2243.259307812972
2024-01-29 16:00:38,2277.110129482309
2024-01-29 17:00:11,2293.828737013438
2024-01-29 18:00:33,2301.751144367138
2024-01-29 19:00:45,2298.992056238782
2024-01-29 20:00:10,2294.694811667477
2024-01-29 21:00:39,2302.0848448484116
2024-01-29 22:00:27,2307.018660512152
2024-01-29 23:00:57,2313.3230050999887
2024-01-30 00:00:10,2316.964788822798
2024-01-30 01:00:41,2305.905524163324
2024-01-30 02:00:24,2316.1173324863375
2024-01-30 03:00:25,2320.8311211845275
2024-01-30 04:00:08,2312.6923075521436
2024-01-30 05:00:25,2310.0391074249583
2024-01-30 06:00:34,2304.6612804810757
2024-01-30 07:00:17,2304.548704674077
2024-01-30 08:00:17,2311.0096921994955
2024-01-30 09:00:22,2306.948881822395
2024-01-30 10:00:28,2302.551746247694
2024-01-30 11:00:28,2314.7907043180617
2024-01-30 12:00:52,2314.8129911772326
2024-01-30 13:01:20,2305.997884551152
2024-01-30 14:01:19,2306.709445678568
2024-01-30 15:01:05,2311.08366951051
2024-01-30 16:01:00,2333.5996913471263
2024-01-30 17:00:36,2368.712196753156
2024-01-30 18:00:36,2370.4773035820836
2024-01-30 19:00:30,2374.529985758285
2024-01-30 20:00:31,2375.7364047282563
2024-01-30 21:00:27,2376.8576333796063
2024-01-30 22:00:32,2379.8207508602245
2024-01-30 23:00:24,2366.0721090506713
2024-01-31 00:01:06,2346.160746177185
2024-01-31 01:00:32,2340.9710740115333
2024-01-31 02:04:14,2332.8545447310203
2024-01-31 03:04:11,2340.163113051186
2024-01-31 04:00:16,2341.4449035406938
2024-01-31 05:00:37,2341.088905779721
2024-01-31 06:00:21,2336.4979596090825
2024-01-31 07:00:23,2330.2010763007893
2024-01-31 08:00:29,2336.8297556380303
2024-01-31 09:00:16,2336.896795607208
2024-01-31 10:00:27,2322.047841201188
2024-01-31 11:00:09,2282.13905664585
2024-01-31 12:00:19,2296.0703014114924
2024-01-31 13:00:22,2301.10463044555
2024-01-31 14:00:50,2310.0758926070826
2024-01-31 15:01:09,2309.286838494513
2024-01-31 16:00:50,2322.776317159199
2024-01-31 17:01:06,2342.571129415425
2024-01-31 18:00:59,2344.213383431851
2024-01-31 19:01:06,2334.7677608803924
2024-01-31 20:01:02,2323.499009852509
2024-01-31 21:00:56,2287.9409100631096
2024-01-31 22:01:11,2275.353051581412
2024-01-31 23:00:52,2284.7546210368205
2024-02-01 00:00:47,2282.4858670158414
2024-02-01 01:01:01,2284.0171978794488
2024-02-01 02:00:46,2247.719784546835
2024-02-01 03:00:40,2257.848511577934
2024-02-01 04:00:39,2254.7951076387562
2024-02-01 05:00:36,2260.303344922535
2024-02-01 06:01:39,2267.179387245794
2024-02-01 07:00:13,2270.724811251264
2024-02-01 08:00:20,2268.302060335456
2024-02-01 09:00:09,2268.7484403221915
2024-02-01 10:00:17,2265.025127160437
2024-02-01 11:00:11,2266.039573071264
2024-02-01 12:00:28,2264.1914990166583
2024-02-01 13:00:32,2267.2719335571223
2024-02-01 14:00:37,2272.087747468435
2024-02-01 15:00:46,2291.1066992065134
2024-02-01 16:00:48,2288.6299853600476
2024-02-01 17:00:47,2291.2834145284087
2024-02-01 18:00:40,2302.918151441346
2024-02-01 19:00:40,2295.828032885751
2024-02-01 20:00:41,2302.679726926024
2024-02-01 21:00:45,2296.4096602441987
2024-02-01 22:00:43,2305.2227571444937
2024-02-01 23:00:40,2295.9741027577543
2024-02-02 00:00:39,2303.376184340526
2024-02-02 01:00:44,2309.032320965035
2024-02-02 02:00:45,2306.0886489571394
2024-02-02 03:00:46,2300.326336022056
2024-02-02 04:01:47,2300.431578707345
2024-02-02 05:01:46,2297.1841575325147
2024-02-02 06:00:36,2304.3355967188772
2024-02-02 07:02:32,2308.9801019576803
2024-02-02 08:00:13,2313.2491463950423
2024-02-02 09:00:26,2308.183492365311
2024-02-02 10:00:25,2307.932925919187
2024-02-02 11:00:23,2309.448202209392
2024-02-02 12:00:14,2316.4063593479527
2024-02-02 13:00:34,2314.294968426738
2024-02-02 14:00:27,2290.3246941355005
2024-02-02 15:00:21,2290.4018219373365
2024-02-02 16:00:30,2310.380426045492
2024-02-02 17:00:28,2304.0197314461184
2024-02-02 18:00:27,2297.2856223084304
2024-02-02 19:00:34,2294.1887023658833
2024-02-02 20:00:28,2299.313090508201
2024-02-02 21:00:26,2294.5805072457406
2024-02-02 22:00:30,2295.758691888209
2024-02-02 23:00:29,2307.542154985429
2024-02-03 00:00:31,2307.461628013455
2024-02-03 01:00:32,2312.453964883437
2024-02-03 02:00:35,2324.6285128938885
2024-02-03 03:00:29,2319.5474869341274
2024-02-03 04:00:30,2321.3234753006573
2024-02-03 05:00:31,2320.3566462750114
2024-02-03 06:00:32,2322.9688941720715
2024-02-03 07:00:28,2319.4115509971166
2024-02-03 08:00:41,2313.6241892277385
2024-02-03 09:00:29,2309.594380185289
2024-02-03 10:00:35,2313.842778053103
2024-02-03 11:00:43,2312.6186334248546
2024-02-03 12:00:22,2301.930249587912
2024-02-03 13:00:36,2305.133466034341
2024-02-03 14:00:32,2306.0170214417235
2024-02-03 15:00:24,2302.1629502536225
2024-02-03 16:00:39,2303.7779125265442
2024-02-03 17:00:29,2306.147518105859
2024-02-03 18:00:29,2308.893421865991
2024-02-03 19:00:39,2297.194617431559
2024-02-03 20:00:31,2301.8426517414505
2024-02-03 21:00:37,2301.99736552579
2024-02-03 22:00:32,2298.2023978028983
2024-02-03 23:00:31,2296.394357036032
2024-02-04 00:00:26,2295.744174863682
2024-02-04 01:00:30,2298.543750882012
2024-02-04 02:00:31,2304.477135905816
2024-02-04 03:00:40,2302.410420308829
2024-02-04 04:00:26,2301.91876447472
2024-02-04 05:01:07,2296.0300472469853
2024-02-04 06:01:18,2299.0470718687725
2024-02-04 07:01:19,2290.7630444545384
2024-02-04 08:01:03,2289.9687604343558
2024-02-04 09:01:06,2289.45410017639
2024-02-04 10:00:36,2302.8275808530307
2024-02-04 11:00:38,2301.2801726011535
2024-02-04 12:00:50,2307.1149812110953
2024-02-04 13:00:36,2302.604193407639
2024-02-04 14:00:40,2303.4026732609454
2024-02-04 15:00:39,2297.420713591294
2024-02-04 16:00:43,2301.7811740766115
2024-02-04 17:00:33,2302.557336259013
2024-02-04 18:00:31,2304.468391643146
2024-02-04 19:00:46,2294.233108754228
2024-02-04 20:00:31,2279.426391500483
2024-02-04 21:00:33,2301.945345715482
2024-02-04 22:00:46,2299.933101539492
2024-02-04 23:00:46,2286.536118818854
2024-02-05 00:00:42,2288.768952787166
2024-02-05 01:00:35,2279.697327503581
2024-02-05 02:00:23,2281.8658695420645
2024-02-05 03:02:34,2279.564092344599
2024-02-05 04:02:57,2293.2927452469817
2024-02-05 05:00:32,2292.947144054652
2024-02-05 06:00:37,2292.203904319742
2024-02-05 07:00:23,2295.246247468029
2024-02-05 08:00:34,2305.5855405363395
2024-02-05 09:00:35,2319.9626284620717
2024-02-05 10:00:30,2316.1073453439044
2024-02-05 11:00:37,2319.9788674074853
2024-02-05 12:00:55,2327.482859407333
2024-02-05 13:00:52,2323.9813051432134
2024-02-05 14:00:48,2328.534035383886
2024-02-05 15:00:42,2314.3845051430662
2024-02-05 16:00:20,2294.1719629346057
2024-02-05 17:01:03,2299.033200284595
2024-02-05 18:00:52,2298.8066190559834
2024-02-05 19:00:26,2297.074745497447
2024-02-05 20:00:04,2299.334322853063
2024-02-05 21:00:23,2288.351868090895
2024-02-05 22:00:28,2286.90802036644
2024-02-05 23:00:52,2292.109033836356
2024-02-06 00:00:59,2298.5691938974583
2024-02-06 01:00:45,2298.877422978839
2024-02-06 02:00:29,2304.2770145130726
2024-02-06 03:00:11,2321.3630617607982
2024-02-06 04:00:22,2315.7493103528886
2024-02-06 05:00:01,2310.7442228558316
2024-02-06 06:01:09,2310.29442940222
2024-02-06 07:01:06,2312.3571851729666
2024-02-06 08:00:45,2324.0829474270195
2024-02-06 09:01:05,2332.216362792185
2024-02-06 10:00:39,2331.04982558979
2024-02-06 11:00:56,2321.366697800874
2024-02-06 12:01:05,2323.393001126326
2024-02-06 12:39:42,2326.9285774300506
